year,county,hay_yield_tons_acre,bermudagrass_yield_tons_acre,rye_yield_bu_acre,fescue_yield_tons_acre,soybean_yield_bu_acre,corn_silage_yield_measured_in_tons_acre,wheat_yield_measured_in_bu_acre,at_dep
2020,alamance,NA,4.9,59,4.9,40.2,NA,NA,NA
2019,alamance,NA,4.9,59,4.9,30.1,NA,NA,11.547
2018,alamance,NA,4.9,59,4.9,35.7,NA,NA,11.739
2017,alamance,NA,4.9,59,4.9,42,NA,NA,10.671
2016,alamance,NA,4.9,59,4.9,32.5,NA,NA,11.838
2015,alamance,NA,4.9,59,4.9,33.3,NA,NA,12.003
2014,alamance,NA,4.9,59,4.9,35.3,NA,NA,10.697
2013,alamance,NA,4.9,59,4.9,35.5,NA,NA,11.921
2012,alamance,NA,4.9,59,4.9,38.8,NA,NA,12.182
2011,alamance,NA,4.9,59,4.9,22.5,NA,NA,11.496
2010,alamance,NA,4.9,59,4.9,25.8,NA,NA,10.369
2009,alamance,NA,4.3,59,4.9,24.5,NA,NA,11.404
2008,alamance,1.75,4.3,59,4.9,32,NA,NA,13.042
2007,alamance,1.21,4.3,59,4.9,10,10,41,11.764
2006,alamance,2.16,4.3,59,4.9,32,15,55,14.407
2005,alamance,2.09,4.3,59,4.9,25,14,47,13.104
2004,alamance,2.08,4.3,59,4.9,36,20,45,13.66
2003,alamance,2.11,4.3,59,4.9,29,18,30,15.592
2002,alamance,1.48,4.3,59,4.9,23,10,43,14.382
2001,alamance,2.32,4.3,59,4.9,31,16,47,13.873
2000,alamance,2.38,4.3,59,4.9,34,19,53,15.565
1999,alamance,2.15,4.3,59,4.9,23,10,57,NA
1998,alamance,2.36,4.3,59,4.9,22,7,41,NA
1997,alamance,1.75,4.3,59,4.9,27,11,49,NA
1996,alamance,1.75,4.3,59,4.9,28,15,49,NA
1995,alamance,2.05,4.3,59,4.9,29,15,44,NA
1994,alamance,1.89,4.3,59,4.9,32,19,47,NA
1993,alamance,1.28,4.3,59,4.9,24,11,40,NA
1992,alamance,2.01,4.3,59,4.9,22,17,40,NA
1991,alamance,2,4.3,59,4.9,22,16,36,NA
1990,alamance,1.8,4.3,59,4.9,22,NA,NA,NA
1989,alamance,2.3,4.3,59,4.9,29,NA,NA,NA
1988,alamance,1.6,4.3,59,4.9,25,NA,NA,NA
1987,alamance,1.5,4.3,59,4.9,20,NA,NA,NA
1986,alamance,1.3,4.3,59,4.9,20,NA,NA,NA
1985,alamance,1.8,4.3,59,4.9,19,NA,NA,NA
1984,alamance,1.9,4.3,59,4.9,24,NA,NA,NA
2020,anson,NA,4.2,33,4,41,NA,NA,NA
2019,anson,NA,4.2,33,4,NA,NA,NA,NA
2018,anson,NA,4.2,33,4,31.4,NA,NA,NA
2017,anson,NA,4.2,33,4,NA,NA,NA,NA
2016,anson,NA,4.2,33,4,NA,NA,NA,NA
2015,anson,NA,4.2,33,4,25.9,NA,NA,NA
2014,anson,NA,4.2,33,4,42.4,NA,NA,NA
2013,anson,NA,4.2,33,4,25.1,NA,NA,NA
2012,anson,NA,4.2,33,4,46.7,NA,NA,NA
2011,anson,NA,4.2,33,4,36.8,NA,NA,NA
2010,anson,NA,4.2,33,4,28.8,NA,NA,NA
2009,anson,NA,4.2,33,4,25.5,NA,NA,NA
2008,anson,2.55,4.2,33,4,38.5,NA,NA,NA
2007,anson,1.87,4.2,33,4,13,NA,NA,NA
2006,anson,3.04,4.2,33,4,38,NA,NA,NA
2005,anson,2.95,4.2,33,4,27,NA,NA,NA
2004,anson,2.81,4.2,33,4,38,NA,NA,NA
2003,anson,3.03,4.2,33,4,34,NA,NA,NA
2002,anson,2,4.2,33,4,24,5,40,NA
2001,anson,2,4.2,33,4,25,19,38,NA
2000,anson,2.91,4.2,33,4,31,NA,NA,NA
1999,anson,2.46,4.2,33,4,30,NA,NA,NA
1998,anson,2.6,4.2,33,4,34,NA,NA,NA
1997,anson,2.58,4.2,33,4,24,13,52,NA
1996,anson,2.34,4.2,33,4,33,10,45,NA
1995,anson,2.68,4.2,33,4,32,20,44,NA
1994,anson,2.23,4.2,33,4,37,15,58,NA
1993,anson,1.46,4.2,33,4,25,5,39,NA
1992,anson,2.19,4.2,33,4,25,14,45,NA
1991,anson,2.5,4.2,33,4,32,17,30,NA
1990,anson,2.4,4.2,33,4,17,NA,NA,NA
1989,anson,2.2,4.2,33,4,26,NA,NA,NA
1988,anson,2.7,4.2,33,4,30,NA,NA,NA
1987,anson,2.3,4.2,33,4,26,NA,NA,NA
1986,anson,2.5,4.2,33,4,24,NA,NA,NA
1985,anson,2.2,4.2,33,4,22,NA,NA,NA
1984,anson,2.1,4.2,33,4,20,NA,NA,NA
2020,beaufort,NA,5.75,65,4.5,46.3,NA,NA,NA
2019,beaufort,NA,5.75,65,4.5,42,NA,NA,NA
2018,beaufort,NA,5.75,65,4.5,32.4,NA,NA,NA
2017,beaufort,NA,5.75,65,4.5,46.3,NA,NA,NA
2016,beaufort,NA,5.75,65,4.5,40.7,NA,NA,NA
2015,beaufort,NA,5.75,65,4.5,38,NA,NA,NA
2014,beaufort,NA,5.75,65,4.5,42.8,NA,NA,NA
2013,beaufort,NA,5.75,65,4.5,42.1,NA,NA,NA
2012,beaufort,NA,5.75,65,4.5,39.2,NA,NA,NA
2011,beaufort,NA,5.75,65,4.5,26,NA,NA,NA
2010,beaufort,NA,5.75,65,4.5,38,NA,NA,NA
2009,beaufort,NA,5.75,65,4.5,42,NA,NA,NA
2008,beaufort,1.1,5.75,65,4.5,36,NA,NA,NA
2007,beaufort,3,5.75,65,4.5,37,NA,NA,NA
2006,beaufort,1.86,5.75,65,4.5,36,NA,NA,NA
2005,beaufort,1.71,5.75,65,4.5,33,NA,NA,NA
2004,beaufort,2.5,5.75,65,4.5,35,NA,NA,NA
2003,beaufort,2.27,5.75,65,4.5,32,NA,NA,NA
2002,beaufort,2.57,5.75,65,4.5,30,NA,NA,NA
2001,beaufort,2.6,5.75,65,4.5,34,NA,NA,NA
2000,beaufort,3,5.75,65,4.5,30,NA,NA,NA
1999,beaufort,1.6,5.75,65,4.5,21,NA,NA,NA
1998,beaufort,1.8,5.75,65,4.5,31,NA,NA,NA
1997,beaufort,1.8,5.75,65,4.5,31,NA,NA,NA
1996,beaufort,2.2,5.75,65,4.5,28,NA,NA,NA
1995,beaufort,2.6,5.75,65,4.5,31,NA,NA,NA
1994,beaufort,2,5.75,65,4.5,32,NA,NA,NA
1993,beaufort,2,5.75,65,4.5,31,NA,NA,NA
1992,beaufort,3,5.75,65,4.5,28,18,55,NA
1991,beaufort,2,5.75,65,4.5,32,15,48,NA
1990,beaufort,2,5.75,65,4.5,29,NA,NA,NA
1989,beaufort,1.8,5.75,65,4.5,30,NA,NA,NA
1988,beaufort,1.6,5.75,65,4.5,29,NA,NA,NA
1987,beaufort,1.8,5.75,65,4.5,27,NA,NA,NA
1986,beaufort,1.4,5.75,65,4.5,28,NA,NA,NA
1985,beaufort,1.6,5.75,65,4.5,28,NA,NA,NA
1984,beaufort,1.6,5.75,65,4.5,30,NA,NA,NA
2020,bertie,NA,4.65,59,4.5,43.9,NA,NA,NA
2019,bertie,NA,4.65,59,4.5,NA,NA,NA,NA
2018,bertie,NA,4.65,59,4.5,35.8,NA,NA,NA
2017,bertie,NA,4.65,59,4.5,44.7,NA,NA,NA
2016,bertie,NA,4.65,59,4.5,33.5,NA,NA,NA
2015,bertie,NA,4.65,59,4.5,32.5,NA,NA,NA
2014,bertie,NA,4.65,59,4.5,43.9,NA,NA,NA
2013,bertie,NA,4.65,59,4.5,34.4,NA,NA,NA
2012,bertie,NA,4.65,59,4.5,41.1,NA,NA,NA
2011,bertie,NA,4.65,59,4.5,34,NA,NA,NA
2010,bertie,NA,4.65,59,4.5,22.2,NA,NA,NA
2009,bertie,NA,4.65,59,4.5,36.5,NA,NA,NA
2008,bertie,NA,4.65,59,4.5,31,NA,NA,NA
2007,bertie,NA,4.65,59,4.5,26,NA,NA,NA
2006,bertie,NA,4.65,59,4.5,33,NA,NA,NA
2005,bertie,NA,4.65,59,4.5,29,NA,NA,NA
2004,bertie,NA,4.65,59,4.5,36,NA,NA,NA
2003,bertie,2,4.65,59,4.5,32,NA,NA,NA
2002,bertie,2.33,4.65,59,4.5,26,NA,NA,NA
2001,bertie,1.5,4.65,59,4.5,33,NA,NA,NA
2000,bertie,2.5,4.65,59,4.5,33,NA,NA,NA
1999,bertie,2,4.65,59,4.5,23,NA,NA,NA
1998,bertie,NA,4.65,59,4.5,34,NA,NA,NA
1997,bertie,NA,4.65,59,4.5,32,NA,NA,NA
1996,bertie,2,4.65,59,4.5,31,NA,NA,NA
1995,bertie,2,4.65,59,4.5,27,NA,NA,NA
1994,bertie,2,4.65,59,4.5,28,NA,NA,NA
1993,bertie,1.5,4.65,59,4.5,22,NA,NA,NA
1992,bertie,2,4.65,59,4.5,30,NA,NA,NA
1991,bertie,2,4.65,59,4.5,30,NA,NA,NA
1990,bertie,2,4.65,59,4.5,30,NA,NA,NA
1989,bertie,2,4.65,59,4.5,30,NA,NA,NA
1988,bertie,1.3,4.65,59,4.5,30,NA,NA,NA
1987,bertie,1.3,4.65,59,4.5,27,NA,NA,NA
1986,bertie,1,4.65,59,4.5,28,NA,NA,NA
1985,bertie,1.3,4.65,59,4.5,20,NA,NA,NA
1984,bertie,1.3,4.65,59,4.5,30,NA,NA,NA
2020,bladen,NA,5.25,60,4.5,31.3,NA,NA,NA
2019,bladen,NA,5.25,60,4.5,30.5,NA,NA,NA
2018,bladen,NA,5.25,60,4.5,24.9,NA,NA,NA
2017,bladen,NA,5.25,60,4.5,31.6,NA,NA,NA
2016,bladen,NA,5.25,60,4.5,30,NA,NA,NA
2015,bladen,NA,5.25,60,4.5,32.6,NA,NA,NA
2014,bladen,NA,5.25,60,4.5,36,NA,NA,NA
2013,bladen,NA,5.25,60,4.5,19.5,NA,NA,NA
2012,bladen,NA,5.25,60,4.5,33.3,NA,NA,NA
2011,bladen,NA,5.25,60,4.5,21.3,NA,NA,NA
2010,bladen,NA,5.25,60,4.5,18.1,NA,NA,NA
2009,bladen,NA,5.25,60,4.5,26,NA,NA,NA
2008,bladen,2.5,5.25,60,4.5,27.5,NA,NA,NA
2007,bladen,1.3,5.25,60,4.5,16,NA,NA,NA
2006,bladen,2.96,5.25,60,4.5,27,NA,NA,NA
2005,bladen,2.67,5.25,60,4.5,26,NA,NA,NA
2004,bladen,3.19,5.25,60,4.5,31,NA,NA,NA
2003,bladen,3.24,5.25,60,4.5,25,NA,NA,NA
2002,bladen,2.23,5.25,60,4.5,21,NA,NA,NA
2001,bladen,2.41,5.25,60,4.5,24,NA,NA,NA
2000,bladen,3.07,5.25,60,4.5,32,NA,NA,NA
1999,bladen,2.24,5.25,60,4.5,25,NA,NA,NA
1998,bladen,2.39,5.25,60,4.5,25,NA,NA,NA
1997,bladen,2.39,5.25,60,4.5,25,NA,NA,NA
1996,bladen,2.04,5.25,60,4.5,25,NA,NA,NA
1995,bladen,2.5,5.25,60,4.5,17,NA,NA,NA
1994,bladen,3.52,5.25,60,4.5,27,NA,NA,NA
1993,bladen,2.28,5.25,60,4.5,23,NA,NA,NA
1992,bladen,3.39,5.25,60,4.5,22,13,52,NA
1991,bladen,2.88,5.25,60,4.5,25,15,28,NA
1990,bladen,2.47,5.25,60,4.5,20,NA,NA,NA
1989,bladen,2.6,5.25,60,4.5,27,NA,NA,NA
1988,bladen,2.6,5.25,60,4.5,26,NA,NA,NA
1987,bladen,2.5,5.25,60,4.5,22,NA,NA,NA
1986,bladen,2.4,5.25,60,4.5,23,NA,NA,NA
1985,bladen,2.3,5.25,60,4.5,22,NA,NA,NA
1984,bladen,2.2,5.25,60,4.5,26,NA,NA,NA
2020,brunswick,NA,3.9,34,4,NA,NA,NA,NA
2019,brunswick,NA,3.9,34,4,NA,NA,NA,NA
2018,brunswick,NA,3.9,34,4,NA,NA,NA,NA
2017,brunswick,NA,3.9,34,4,NA,NA,NA,NA
2016,brunswick,NA,3.9,34,4,NA,NA,NA,NA
2015,brunswick,NA,3.9,34,4,NA,NA,NA,NA
2014,brunswick,NA,3.9,34,4,NA,NA,NA,NA
2013,brunswick,NA,3.9,34,4,NA,NA,NA,NA
2012,brunswick,NA,3.9,34,4,NA,NA,NA,NA
2011,brunswick,NA,3.9,34,4,NA,NA,NA,NA
2010,brunswick,NA,3.9,34,4,NA,NA,NA,NA
2009,brunswick,NA,3.9,34,4,NA,NA,NA,NA
2008,brunswick,2.85,3.9,34,4,NA,NA,NA,NA
2007,brunswick,2.77,3.9,34,4,NA,NA,NA,NA
2006,brunswick,3.68,3.9,34,4,NA,NA,NA,NA
2005,brunswick,3.64,3.9,34,4,NA,NA,NA,NA
2004,brunswick,3.04,3.9,34,4,NA,NA,NA,NA
2003,brunswick,3.14,3.9,34,4,NA,NA,NA,NA
2002,brunswick,2.52,3.9,34,4,NA,NA,NA,NA
2001,brunswick,2.6,3.9,34,4,NA,NA,NA,NA
2000,brunswick,2.65,3.9,34,4,NA,NA,NA,NA
1999,brunswick,2.28,3.9,34,4,NA,NA,NA,NA
1998,brunswick,2.3,3.9,34,4,NA,NA,NA,NA
1997,brunswick,2.5,3.9,34,4,NA,NA,NA,NA
1996,brunswick,2,3.9,34,4,NA,NA,NA,NA
1995,brunswick,2,3.9,34,4,NA,NA,NA,NA
1994,brunswick,2.91,3.9,34,4,NA,NA,NA,NA
1993,brunswick,1.5,3.9,34,4,NA,NA,NA,NA
1992,brunswick,2.11,3.9,34,4,NA,14,51,NA
1991,brunswick,2.8,3.9,34,4,NA,17,30,NA
1990,brunswick,2,3.9,34,4,NA,NA,NA,NA
1989,brunswick,2.8,3.9,34,4,NA,NA,NA,NA
1988,brunswick,3.1,3.9,34,4,NA,NA,NA,NA
1987,brunswick,2.8,3.9,34,4,NA,NA,NA,NA
1986,brunswick,2.8,3.9,34,4,NA,NA,NA,NA
1985,brunswick,2.3,3.9,34,4,NA,NA,NA,NA
1984,brunswick,2.1,3.9,34,4,NA,NA,NA,NA
2020,cabarrus,NA,5.15,59,3.9,NA,NA,NA,NA
2019,cabarrus,NA,5.15,59,3.9,NA,NA,NA,NA
2018,cabarrus,NA,5.15,59,3.9,NA,NA,NA,NA
2017,cabarrus,NA,5.15,59,3.9,NA,NA,NA,NA
2016,cabarrus,NA,5.15,59,3.9,NA,NA,NA,NA
2015,cabarrus,NA,5.15,59,3.9,NA,NA,NA,NA
2014,cabarrus,NA,5.15,59,3.9,NA,NA,NA,NA
2013,cabarrus,NA,5.15,59,3.9,NA,NA,NA,NA
2012,cabarrus,NA,5.15,59,3.9,NA,NA,NA,NA
2011,cabarrus,NA,5.15,59,3.9,NA,NA,NA,NA
2010,cabarrus,NA,5.15,59,3.9,NA,NA,NA,NA
2009,cabarrus,NA,5.15,59,3.9,NA,NA,NA,NA
2008,cabarrus,2.7,5.15,59,3.9,NA,NA,NA,NA
2007,cabarrus,1.52,5.15,59,3.9,NA,7,28,NA
2006,cabarrus,1.95,5.15,59,3.9,NA,17,61,NA
2005,cabarrus,1.85,5.15,59,3.9,NA,16,57,NA
2004,cabarrus,2.21,5.15,59,3.9,NA,14,51,NA
2003,cabarrus,2.59,5.15,59,3.9,NA,9,44,NA
2002,cabarrus,1.5,5.15,59,3.9,NA,7,37,NA
2001,cabarrus,1.81,5.15,59,3.9,NA,12,48,NA
2000,cabarrus,2.44,5.15,59,3.9,NA,12,50,NA
1999,cabarrus,2.33,5.15,59,3.9,NA,11,54,NA
1998,cabarrus,2.69,5.15,59,3.9,NA,5,40,NA
1997,cabarrus,1.91,5.15,59,3.9,NA,14,53,NA
1996,cabarrus,2.06,5.15,59,3.9,NA,10,32,NA
1995,cabarrus,2.36,5.15,59,3.9,NA,19,48,NA
1994,cabarrus,2.19,5.15,59,3.9,NA,20,46,NA
1993,cabarrus,1.39,5.15,59,3.9,NA,11,31,NA
1992,cabarrus,2.1,5.15,59,3.9,NA,12,43,NA
1991,cabarrus,2.3,5.15,59,3.9,NA,16,39,NA
1990,cabarrus,2.4,5.15,59,3.9,NA,NA,NA,NA
1989,cabarrus,2.3,5.15,59,3.9,NA,NA,NA,NA
1988,cabarrus,1.9,5.15,59,3.9,NA,NA,NA,NA
1987,cabarrus,1.7,5.15,59,3.9,NA,NA,NA,NA
1986,cabarrus,2.1,5.15,59,3.9,NA,NA,NA,NA
1985,cabarrus,1.9,5.15,59,3.9,NA,NA,NA,NA
1984,cabarrus,1.8,5.15,59,3.9,NA,NA,NA,NA
2020,caldwell,NA,3.35,57,5.2,NA,NA,NA,NA
2019,caldwell,NA,3.35,57,5.2,NA,NA,NA,NA
2018,caldwell,NA,3.35,57,5.2,NA,NA,NA,NA
2017,caldwell,NA,3.35,57,5.2,NA,NA,NA,NA
2016,caldwell,NA,3.35,57,5.2,NA,NA,NA,NA
2015,caldwell,NA,3.35,57,5.2,NA,NA,NA,NA
2014,caldwell,NA,3.35,57,5.2,NA,NA,NA,NA
2013,caldwell,NA,3.35,57,5.2,NA,NA,NA,NA
2012,caldwell,NA,3.35,57,5.2,NA,NA,NA,NA
2011,caldwell,NA,3.35,57,5.2,NA,NA,NA,NA
2010,caldwell,NA,3.35,57,5.2,NA,NA,NA,NA
2009,caldwell,NA,3.35,57,5.2,NA,NA,NA,NA
2008,caldwell,1.7,3.35,57,5.2,NA,NA,NA,NA
2007,caldwell,1.3,3.35,57,5.2,NA,16,35,NA
2006,caldwell,2.15,3.35,57,5.2,NA,NA,NA,NA
2005,caldwell,2.32,3.35,57,5.2,NA,NA,NA,NA
2004,caldwell,2.38,3.35,57,5.2,NA,NA,NA,NA
2003,caldwell,2.39,3.35,57,5.2,NA,NA,NA,NA
2002,caldwell,1.81,3.35,57,5.2,NA,NA,NA,NA
2001,caldwell,2.52,3.35,57,5.2,NA,22,40,NA
2000,caldwell,2.83,3.35,57,5.2,NA,13,48,NA
1999,caldwell,2.34,3.35,57,5.2,NA,14,50,NA
1998,caldwell,2,3.35,57,5.2,NA,9,41,NA
1997,caldwell,2.31,3.35,57,5.2,NA,15,50,NA
1996,caldwell,2.05,3.35,57,5.2,NA,NA,NA,NA
1995,caldwell,2.07,3.35,57,5.2,NA,15,40,NA
1994,caldwell,2.26,3.35,57,5.2,NA,20,51,NA
1993,caldwell,1.38,3.35,57,5.2,NA,15,40,NA
1992,caldwell,2.2,3.35,57,5.2,NA,13,42,NA
1991,caldwell,2.11,3.35,57,5.2,NA,14,42,NA
1990,caldwell,1.74,3.35,57,5.2,NA,NA,NA,NA
1989,caldwell,2.2,3.35,57,5.2,NA,NA,NA,NA
1988,caldwell,1.8,3.35,57,5.2,NA,NA,NA,NA
1987,caldwell,2.1,3.35,57,5.2,NA,NA,NA,NA
1986,caldwell,1.3,3.35,57,5.2,NA,NA,NA,NA
1985,caldwell,1.7,3.35,57,5.2,NA,NA,NA,NA
1984,caldwell,1.8,3.35,57,5.2,NA,NA,NA,NA
2020,chatham,NA,2.95,49,4.9,NA,NA,NA,NA
2019,chatham,NA,2.95,49,4.9,NA,NA,NA,NA
2018,chatham,NA,2.95,49,4.9,NA,NA,NA,NA
2017,chatham,NA,2.95,49,4.9,NA,NA,NA,NA
2016,chatham,NA,2.95,49,4.9,NA,NA,NA,NA
2015,chatham,NA,2.95,49,4.9,NA,NA,NA,NA
2014,chatham,NA,2.95,49,4.9,NA,NA,NA,NA
2013,chatham,NA,2.95,49,4.9,NA,NA,NA,NA
2012,chatham,NA,2.95,49,4.9,NA,NA,NA,NA
2011,chatham,NA,2.95,49,4.9,NA,NA,NA,NA
2010,chatham,NA,2.95,49,4.9,NA,NA,NA,NA
2009,chatham,NA,2.95,49,4.9,NA,NA,NA,NA
2008,chatham,2.05,2.95,49,4.9,NA,NA,NA,NA
2007,chatham,1.27,2.95,49,4.9,NA,9,46,NA
2006,chatham,2.01,2.95,49,4.9,NA,14,56,NA
2005,chatham,2,2.95,49,4.9,NA,15,56,NA
2004,chatham,2.67,2.95,49,4.9,NA,16,50,NA
2003,chatham,2.83,2.95,49,4.9,NA,15,35,NA
2002,chatham,1.84,2.95,49,4.9,NA,8,31,NA
2001,chatham,1.92,2.95,49,4.9,NA,16,30,NA
2000,chatham,2.67,2.95,49,4.9,NA,14,45,NA
1999,chatham,2.26,2.95,49,4.9,NA,11,40,NA
1998,chatham,2.23,2.95,49,4.9,NA,12,39,NA
1997,chatham,2.32,2.95,49,4.9,NA,13,53,NA
1996,chatham,2.22,2.95,49,4.9,NA,12,44,NA
1995,chatham,2.65,2.95,49,4.9,NA,15,39,NA
1994,chatham,2.13,2.95,49,4.9,NA,18,54,NA
1993,chatham,1.28,2.95,49,4.9,NA,10,36,NA
1992,chatham,1.81,2.95,49,4.9,NA,15,42,NA
1991,chatham,2.3,2.95,49,4.9,NA,12,39,NA
1990,chatham,2.1,2.95,49,4.9,NA,NA,NA,NA
1989,chatham,2.3,2.95,49,4.9,NA,NA,NA,NA
1988,chatham,1.6,2.95,49,4.9,NA,NA,NA,NA
1987,chatham,1.8,2.95,49,4.9,NA,NA,NA,NA
1986,chatham,1.4,2.95,49,4.9,NA,NA,NA,NA
1985,chatham,1.8,2.95,49,4.9,NA,NA,NA,NA
1984,chatham,1.9,2.95,49,4.9,NA,NA,NA,NA
2020,chowan,NA,5,55,4.5,46.3,NA,NA,NA
2019,chowan,NA,5,55,4.5,45.5,NA,NA,NA
2018,chowan,NA,5,55,4.5,38.3,NA,NA,NA
2017,chowan,NA,5,55,4.5,44.3,NA,NA,NA
2016,chowan,NA,5,55,4.5,43,NA,NA,NA
2015,chowan,NA,5,55,4.5,39.9,NA,NA,NA
2014,chowan,NA,5,55,4.5,NA,NA,NA,NA
2013,chowan,NA,5,55,4.5,38.9,NA,NA,NA
2012,chowan,NA,5,55,4.5,46.4,NA,NA,NA
2011,chowan,NA,5,55,4.5,38.9,NA,NA,NA
2010,chowan,NA,5,55,4.5,NA,NA,NA,NA
2009,chowan,NA,5,55,4.5,NA,NA,NA,NA
2008,chowan,NA,5,55,4.5,NA,NA,NA,NA
2007,chowan,NA,5,55,4.5,NA,NA,NA,NA
2006,chowan,1.38,5,55,4.5,34,NA,NA,NA
2005,chowan,1.91,5,55,4.5,34,NA,NA,NA
2004,chowan,1.8,5,55,4.5,38,NA,NA,NA
2003,chowan,2,5,55,4.5,34,NA,NA,NA
2002,chowan,1.64,5,55,4.5,29,NA,NA,NA
2001,chowan,1.5,5,55,4.5,40,NA,NA,NA
2000,chowan,2,5,55,4.5,36,NA,NA,NA
1999,chowan,2,5,55,4.5,21,NA,NA,NA
1998,chowan,NA,5,55,4.5,36,NA,NA,NA
1997,chowan,NA,5,55,4.5,34,NA,NA,NA
1996,chowan,NA,5,55,4.5,32,NA,NA,NA
1995,chowan,NA,5,55,4.5,34,NA,NA,NA
1994,chowan,NA,5,55,4.5,35,NA,NA,NA
1993,chowan,NA,5,55,4.5,33,NA,NA,NA
1992,chowan,1.5,5,55,4.5,35,NA,NA,NA
1991,chowan,1.5,5,55,4.5,33,NA,NA,NA
1990,chowan,2,5,55,4.5,33,NA,NA,NA
1989,chowan,2.3,5,55,4.5,31,NA,NA,NA
1988,chowan,2,5,55,4.5,31,NA,NA,NA
1987,chowan,1.3,5,55,4.5,30,NA,NA,NA
1986,chowan,1,5,55,4.5,30,NA,NA,NA
1985,chowan,1,5,55,4.5,22,NA,NA,NA
1984,chowan,1.2,5,55,4.5,33,NA,NA,NA
2020,columbus,NA,3.5,45,4,24.2,NA,NA,NA
2019,columbus,NA,3.5,45,4,NA,NA,NA,NA
2018,columbus,NA,3.5,45,4,NA,NA,NA,NA
2017,columbus,NA,3.5,45,4,32.8,NA,NA,NA
2016,columbus,NA,3.5,45,4,26.3,NA,NA,NA
2015,columbus,NA,3.5,45,4,27.6,NA,NA,NA
2014,columbus,NA,3.5,45,4,35,NA,NA,NA
2013,columbus,NA,3.5,45,4,21,NA,NA,NA
2012,columbus,NA,3.5,45,4,32.5,NA,NA,NA
2011,columbus,NA,3.5,45,4,26,NA,NA,NA
2010,columbus,NA,3.5,45,4,21.7,NA,NA,NA
2009,columbus,NA,3.5,45,4,28.5,NA,NA,NA
2008,columbus,2.25,3.5,45,4,28,NA,NA,NA
2007,columbus,1.82,3.5,45,4,18,NA,NA,NA
2006,columbus,3.37,3.5,45,4,27,NA,NA,NA
2005,columbus,2.97,3.5,45,4,25,NA,NA,NA
2004,columbus,3.33,3.5,45,4,25,NA,NA,NA
2003,columbus,3.44,3.5,45,4,25,NA,NA,NA
2002,columbus,2.82,3.5,45,4,19,NA,NA,NA
2001,columbus,3.02,3.5,45,4,29,NA,NA,NA
2000,columbus,2.76,3.5,45,4,30,NA,NA,NA
1999,columbus,2,3.5,45,4,25,NA,NA,NA
1998,columbus,2.02,3.5,45,4,24,NA,NA,NA
1997,columbus,2.27,3.5,45,4,26,NA,NA,NA
1996,columbus,2.74,3.5,45,4,25,NA,NA,NA
1995,columbus,3.51,3.5,45,4,23,NA,NA,NA
1994,columbus,3.47,3.5,45,4,29,NA,NA,NA
1993,columbus,1.56,3.5,45,4,22,9,42,NA
1992,columbus,2.4,3.5,45,4,23,15,48,NA
1991,columbus,2.88,3.5,45,4,26,13,28,NA
1990,columbus,2.2,3.5,45,4,24,NA,NA,NA
1989,columbus,2.3,3.5,45,4,23,NA,NA,NA
1988,columbus,2.9,3.5,45,4,26,NA,NA,NA
1987,columbus,2.6,3.5,45,4,23,NA,NA,NA
1986,columbus,2.7,3.5,45,4,21,NA,NA,NA
1985,columbus,2.3,3.5,45,4,22,NA,NA,NA
1984,columbus,2.4,3.5,45,4,25,NA,NA,NA
2020,craven,NA,4.75,55,4.5,37.3,NA,NA,NA
2019,craven,NA,4.75,55,4.5,33,NA,NA,NA
2018,craven,NA,4.75,55,4.5,30.1,NA,NA,NA
2017,craven,NA,4.75,55,4.5,38.1,NA,NA,NA
2016,craven,NA,4.75,55,4.5,34,NA,NA,NA
2015,craven,NA,4.75,55,4.5,34.6,NA,NA,NA
2014,craven,NA,4.75,55,4.5,42.1,NA,NA,NA
2013,craven,NA,4.75,55,4.5,36.9,NA,NA,NA
2012,craven,NA,4.75,55,4.5,38.8,NA,NA,NA
2011,craven,NA,4.75,55,4.5,29.8,NA,NA,NA
2010,craven,NA,4.75,55,4.5,26.8,NA,NA,NA
2009,craven,NA,4.75,55,4.5,33,NA,NA,NA
2008,craven,3.45,4.75,55,4.5,36,NA,NA,NA
2007,craven,3.22,4.75,55,4.5,25,NA,NA,NA
2006,craven,3.15,4.75,55,4.5,38,NA,NA,NA
2005,craven,4.13,4.75,55,4.5,28,NA,NA,NA
2004,craven,2.5,4.75,55,4.5,35,NA,NA,NA
2003,craven,2.31,4.75,55,4.5,37,NA,NA,NA
2002,craven,2.08,4.75,55,4.5,26,NA,NA,NA
2001,craven,2.58,4.75,55,4.5,35,NA,NA,NA
2000,craven,3.33,4.75,55,4.5,29,NA,NA,NA
1999,craven,1.92,4.75,55,4.5,20,NA,NA,NA
1998,craven,2.17,4.75,55,4.5,28,NA,NA,NA
1997,craven,2.62,4.75,55,4.5,29,NA,NA,NA
1996,craven,2.62,4.75,55,4.5,26,NA,NA,NA
1995,craven,2.55,4.75,55,4.5,25,NA,NA,NA
1994,craven,2.22,4.75,55,4.5,27,NA,NA,NA
1993,craven,2.13,4.75,55,4.5,25,NA,NA,NA
1992,craven,3,4.75,55,4.5,26,NA,NA,NA
1991,craven,2,4.75,55,4.5,28,NA,NA,NA
1990,craven,2.22,4.75,55,4.5,24,NA,NA,NA
1989,craven,2.5,4.75,55,4.5,26,NA,NA,NA
1988,craven,2.4,4.75,55,4.5,27,NA,NA,NA
1987,craven,2,4.75,55,4.5,27,NA,NA,NA
1986,craven,2.2,4.75,55,4.5,24,NA,NA,NA
1985,craven,2,4.75,55,4.5,18,NA,NA,NA
1984,craven,1.9,4.75,55,4.5,27,NA,NA,NA
2020,cumberland,NA,4,35,4,32.6,NA,NA,NA
2019,cumberland,NA,4,35,4,NA,NA,NA,NA
2018,cumberland,NA,4,35,4,26.7,NA,NA,NA
2017,cumberland,NA,4,35,4,31.7,NA,NA,NA
2016,cumberland,NA,4,35,4,30,NA,NA,NA
2015,cumberland,NA,4,35,4,31.2,NA,NA,NA
2014,cumberland,NA,4,35,4,29.6,NA,NA,NA
2013,cumberland,NA,4,35,4,20.3,NA,NA,NA
2012,cumberland,NA,4,35,4,34.7,NA,NA,NA
2011,cumberland,NA,4,35,4,20.3,NA,NA,NA
2010,cumberland,NA,4,35,4,19,NA,NA,NA
2009,cumberland,NA,4,35,4,28,NA,NA,NA
2008,cumberland,2.65,4,35,4,35.5,NA,NA,NA
2007,cumberland,1.74,4,35,4,14,NA,NA,NA
2006,cumberland,2.48,4,35,4,28,NA,NA,NA
2005,cumberland,3.17,4,35,4,21,NA,NA,NA
2004,cumberland,3.06,4,35,4,32,NA,NA,NA
2003,cumberland,3.09,4,35,4,24,NA,NA,NA
2002,cumberland,1.69,4,35,4,17,NA,NA,NA
2001,cumberland,2.63,4,35,4,28,NA,NA,NA
2000,cumberland,3.09,4,35,4,29,NA,NA,NA
1999,cumberland,2.32,4,35,4,16,NA,NA,NA
1998,cumberland,2,4,35,4,19,NA,NA,NA
1997,cumberland,2.26,4,35,4,23,NA,NA,NA
1996,cumberland,2.41,4,35,4,28,NA,NA,NA
1995,cumberland,2.71,4,35,4,16,NA,NA,NA
1994,cumberland,2.6,4,35,4,28,NA,NA,NA
1993,cumberland,2.07,4,35,4,21,NA,NA,NA
1992,cumberland,3.3,4,35,4,20,NA,NA,NA
1991,cumberland,2.88,4,35,4,25,16,41,NA
1990,cumberland,2.08,4,35,4,22,NA,NA,NA
1989,cumberland,2.5,4,35,4,26,NA,NA,NA
1988,cumberland,2.4,4,35,4,25,NA,NA,NA
1987,cumberland,2.9,4,35,4,21,NA,NA,NA
1986,cumberland,2.2,4,35,4,21,NA,NA,NA
1985,cumberland,2.3,4,35,4,20,NA,NA,NA
1984,cumberland,2.4,4,35,4,24,NA,NA,NA
2020,davidson,NA,4.5,57,4,38.2,NA,NA,NA
2019,davidson,NA,4.5,57,4,27.5,NA,NA,NA
2018,davidson,NA,4.5,57,4,37.6,NA,NA,NA
2017,davidson,NA,4.5,57,4,35.6,NA,NA,NA
2016,davidson,NA,4.5,57,4,30,NA,NA,NA
2015,davidson,NA,4.5,57,4,30.5,NA,NA,NA
2014,davidson,NA,4.5,57,4,36.5,NA,NA,NA
2013,davidson,NA,4.5,57,4,36,NA,NA,NA
2012,davidson,NA,4.5,57,4,40.2,NA,NA,NA
2011,davidson,NA,4.5,57,4,38.8,NA,NA,NA
2010,davidson,NA,4.5,57,4,31.9,NA,NA,NA
2009,davidson,NA,4.5,57,4,35,NA,NA,NA
2008,davidson,1.7,4.5,57,4,32,NA,NA,NA
2007,davidson,1.21,4.5,57,4,21,11,44,NA
2006,davidson,2.55,4.5,57,4,39,15,60,NA
2005,davidson,2.51,4.5,57,4,34,17,54,NA
2004,davidson,2.24,4.5,57,4,38,21,49,NA
2003,davidson,2.48,4.5,57,4,37,15,29,NA
2002,davidson,1.54,4.5,57,4,25,12,44,NA
2001,davidson,1.72,4.5,57,4,35,13,36,NA
2000,davidson,2.26,4.5,57,4,32,12,51,NA
1999,davidson,1.98,4.5,57,4,28,12,54,NA
1998,davidson,1.94,4.5,57,4,19,7,45,NA
1997,davidson,1.88,4.5,57,4,27,15,51,NA
1996,davidson,2.07,4.5,57,4,33,14,46,NA
1995,davidson,2.31,4.5,57,4,37,15,41,NA
1994,davidson,2.17,4.5,57,4,36,17,61,NA
1993,davidson,1.67,4.5,57,4,19,7,35,NA
1992,davidson,2.61,4.5,57,4,24,17,47,NA
1991,davidson,2.6,4.5,57,4,31,15,33,NA
1990,davidson,2.6,4.5,57,4,18,NA,NA,NA
1989,davidson,2.5,4.5,57,4,28,NA,NA,NA
1988,davidson,2.1,4.5,57,4,23,NA,NA,NA
1987,davidson,1.5,4.5,57,4,18,NA,NA,NA
1986,davidson,1,4.5,57,4,22,NA,NA,NA
1985,davidson,1.9,4.5,57,4,26,NA,NA,NA
1984,davidson,1.8,4.5,57,4,25,NA,NA,NA
2020,duplin,NA,4.4,55,3.8,33.2,NA,NA,NA
2019,duplin,NA,4.4,55,3.8,NA,NA,NA,NA
2018,duplin,NA,4.4,55,3.8,24.7,NA,NA,NA
2017,duplin,NA,4.4,55,3.8,35.7,NA,NA,NA
2016,duplin,NA,4.4,55,3.8,37.5,NA,NA,NA
2015,duplin,NA,4.4,55,3.8,36.4,NA,NA,NA
2014,duplin,NA,4.4,55,3.8,39.8,NA,NA,NA
2013,duplin,NA,4.4,55,3.8,28.8,NA,NA,NA
2012,duplin,NA,4.4,55,3.8,36.9,NA,NA,NA
2011,duplin,NA,4.4,55,3.8,28,NA,NA,NA
2010,duplin,NA,4.4,55,3.8,24.2,NA,NA,NA
2009,duplin,NA,4.4,55,3.8,35,NA,NA,NA
2008,duplin,2.8,4.4,55,3.8,32,NA,NA,NA
2007,duplin,1.56,4.4,55,3.8,20,NA,NA,NA
2006,duplin,3.31,4.4,55,3.8,29,NA,NA,NA
2005,duplin,3.02,4.4,55,3.8,26,NA,NA,NA
2004,duplin,3.16,4.4,55,3.8,31,NA,NA,NA
2003,duplin,3.23,4.4,55,3.8,24,NA,NA,NA
2002,duplin,2.51,4.4,55,3.8,22,NA,NA,NA
2001,duplin,3.43,4.4,55,3.8,30,NA,NA,NA
2000,duplin,3.29,4.4,55,3.8,31,19,45,NA
1999,duplin,2.39,4.4,55,3.8,26,NA,NA,NA
1998,duplin,2.54,4.4,55,3.8,28,NA,NA,NA
1997,duplin,2.73,4.4,55,3.8,27,NA,NA,NA
1996,duplin,2.64,4.4,55,3.8,23,NA,NA,NA
1995,duplin,3.08,4.4,55,3.8,19,NA,NA,NA
1994,duplin,3.24,4.4,55,3.8,29,NA,NA,NA
1993,duplin,2.16,4.4,55,3.8,22,NA,NA,NA
1992,duplin,3.3,4.4,55,3.8,26,11,49,NA
1991,duplin,2.71,4.4,55,3.8,27,13,38,NA
1990,duplin,2.2,4.4,55,3.8,24,NA,NA,NA
1989,duplin,2.5,4.4,55,3.8,26,NA,NA,NA
1988,duplin,2.6,4.4,55,3.8,25,NA,NA,NA
1987,duplin,2.5,4.4,55,3.8,25,NA,NA,NA
1986,duplin,2.4,4.4,55,3.8,24,NA,NA,NA
1985,duplin,2.4,4.4,55,3.8,20,NA,NA,NA
1984,duplin,2.3,4.4,55,3.8,26,NA,NA,NA
2020,franklin,NA,4.25,59,4.9,30.8,NA,NA,NA
2019,franklin,NA,4.25,59,4.9,22.5,NA,NA,NA
2018,franklin,NA,4.25,59,4.9,35.7,NA,NA,NA
2017,franklin,NA,4.25,59,4.9,33.2,NA,NA,NA
2016,franklin,NA,4.25,59,4.9,22,NA,NA,NA
2015,franklin,NA,4.25,59,4.9,17.8,NA,NA,NA
2014,franklin,NA,4.25,59,4.9,33.1,NA,NA,NA
2013,franklin,NA,4.25,59,4.9,24,NA,NA,NA
2012,franklin,NA,4.25,59,4.9,39.6,NA,NA,NA
2011,franklin,NA,4.25,59,4.9,30.1,NA,NA,NA
2010,franklin,NA,4.25,59,4.9,15,NA,NA,NA
2009,franklin,NA,4.25,59,4.9,26.5,NA,NA,NA
2008,franklin,1.7,4.25,59,4.9,29,NA,NA,NA
2007,franklin,1.33,4.25,59,4.9,11,NA,NA,NA
2006,franklin,1.96,4.25,59,4.9,23,NA,NA,NA
2005,franklin,2.16,4.25,59,4.9,17,NA,NA,NA
2004,franklin,2.02,4.25,59,4.9,33,NA,NA,NA
2003,franklin,2.15,4.25,59,4.9,30,NA,NA,NA
2002,franklin,1.93,4.25,59,4.9,14,NA,NA,NA
2001,franklin,1.91,4.25,59,4.9,31,NA,NA,NA
2000,franklin,2.8,4.25,59,4.9,31,13,44,NA
1999,franklin,1.81,4.25,59,4.9,26,11,52,NA
1998,franklin,1.8,4.25,59,4.9,24,6,40,NA
1997,franklin,2.46,4.25,59,4.9,23,12,48,NA
1996,franklin,1.72,4.25,59,4.9,28,11,40,NA
1995,franklin,1.97,4.25,59,4.9,16,13,38,NA
1994,franklin,1.98,4.25,59,4.9,29,19,46,NA
1993,franklin,1.58,4.25,59,4.9,15,10,36,NA
1992,franklin,2.51,4.25,59,4.9,23,13,47,NA
1991,franklin,2.1,4.25,59,4.9,23,16,41,NA
1990,franklin,1.8,4.25,59,4.9,21,NA,NA,NA
1989,franklin,1.9,4.25,59,4.9,25,NA,NA,NA
1988,franklin,1.6,4.25,59,4.9,26,NA,NA,NA
1987,franklin,1.6,4.25,59,4.9,18,NA,NA,NA
1986,franklin,1.5,4.25,59,4.9,19,NA,NA,NA
1985,franklin,1.6,4.25,59,4.9,19,NA,NA,NA
1984,franklin,1.6,4.25,59,4.9,21,NA,NA,NA
2020,gates,NA,4.75,60,4,43,NA,NA,NA
2019,gates,NA,4.75,60,4,44,NA,NA,NA
2018,gates,NA,4.75,60,4,36.9,NA,NA,NA
2017,gates,NA,4.75,60,4,44.8,NA,NA,NA
2016,gates,NA,4.75,60,4,40.2,NA,NA,NA
2015,gates,NA,4.75,60,4,35.7,NA,NA,NA
2014,gates,NA,4.75,60,4,44.4,NA,NA,NA
2013,gates,NA,4.75,60,4,38.8,NA,NA,NA
2012,gates,NA,4.75,60,4,42.4,NA,NA,NA
2011,gates,NA,4.75,60,4,36.8,NA,NA,NA
2010,gates,NA,4.75,60,4,31.6,NA,NA,NA
2009,gates,NA,4.75,60,4,44.5,NA,NA,NA
2008,gates,1.65,4.75,60,4,35,NA,NA,NA
2007,gates,NA,4.75,60,4,30,NA,NA,NA
2006,gates,NA,4.75,60,4,35,NA,NA,NA
2005,gates,1.87,4.75,60,4,37,NA,NA,NA
2004,gates,1.88,4.75,60,4,40,NA,NA,NA
2003,gates,2.15,4.75,60,4,35,NA,NA,NA
2002,gates,2,4.75,60,4,31,NA,NA,NA
2001,gates,1.38,4.75,60,4,36,NA,NA,NA
2000,gates,1.75,4.75,60,4,32,NA,NA,NA
1999,gates,1.88,4.75,60,4,22,NA,NA,NA
1998,gates,2,4.75,60,4,34,NA,NA,NA
1997,gates,1.83,4.75,60,4,35,NA,NA,NA
1996,gates,1.67,4.75,60,4,34,NA,NA,NA
1995,gates,2,4.75,60,4,27,NA,NA,NA
1994,gates,2,4.75,60,4,34,NA,NA,NA
1993,gates,2,4.75,60,4,30,NA,NA,NA
1992,gates,1.5,4.75,60,4,34,NA,NA,NA
1991,gates,2,4.75,60,4,34,NA,NA,NA
1990,gates,2.17,4.75,60,4,30,NA,NA,NA
1989,gates,2,4.75,60,4,32,NA,NA,NA
1988,gates,1.8,4.75,60,4,32,NA,NA,NA
1987,gates,1.7,4.75,60,4,30,NA,NA,NA
1986,gates,1.7,4.75,60,4,30,NA,NA,NA
1985,gates,1.7,4.75,60,4,20,NA,NA,NA
1984,gates,1.6,4.75,60,4,33,NA,NA,NA
2020,granville,NA,4.3,49,5.4,33.7,NA,NA,NA
2019,granville,NA,4.3,49,5.4,24.1,NA,NA,NA
2018,granville,NA,4.3,49,5.4,32.4,NA,NA,NA
2017,granville,NA,4.3,49,5.4,27.7,NA,NA,NA
2016,granville,NA,4.3,49,5.4,26,NA,NA,NA
2015,granville,NA,4.3,49,5.4,29.8,NA,NA,NA
2014,granville,NA,4.3,49,5.4,30,NA,NA,NA
2013,granville,NA,4.3,49,5.4,29.5,NA,NA,NA
2012,granville,NA,4.3,49,5.4,32.4,NA,NA,NA
2011,granville,NA,4.3,49,5.4,29.9,NA,NA,NA
2010,granville,NA,4.3,49,5.4,15.3,NA,NA,NA
2009,granville,NA,4.3,49,5.4,22,NA,NA,NA
2008,granville,1.5,4.3,49,5.4,21.5,NA,NA,NA
2007,granville,1.19,4.3,49,5.4,10,8,33,NA
2006,granville,1.76,4.3,49,5.4,30,17,53,NA
2005,granville,1.69,4.3,49,5.4,19,10,50,NA
2004,granville,1.82,4.3,49,5.4,30,19,42,NA
2003,granville,1.95,4.3,49,5.4,28,15,23,NA
2002,granville,1.49,4.3,49,5.4,25,7,38,NA
2001,granville,1.92,4.3,49,5.4,27,15,36,NA
2000,granville,2.2,4.3,49,5.4,30,17,43,NA
1999,granville,1.6,4.3,49,5.4,28,13,44,NA
1998,granville,1.21,4.3,49,5.4,22,11,46,NA
1997,granville,1.74,4.3,49,5.4,24,11,45,NA
1996,granville,1.67,4.3,49,5.4,29,13,45,NA
1995,granville,1.86,4.3,49,5.4,23,14,32,NA
1994,granville,1.88,4.3,49,5.4,28,18,40,NA
1993,granville,1.29,4.3,49,5.4,19,13,35,NA
1992,granville,2,4.3,49,5.4,25,16,40,NA
1991,granville,1.8,4.3,49,5.4,24,11,38,NA
1990,granville,1.7,4.3,49,5.4,18,NA,NA,NA
1989,granville,2,4.3,49,5.4,16,NA,NA,NA
1988,granville,1.4,4.3,49,5.4,18,NA,NA,NA
1987,granville,1.4,4.3,49,5.4,19,NA,NA,NA
1986,granville,1.4,4.3,49,5.4,22,NA,NA,NA
1985,granville,1.5,4.3,49,5.4,22,NA,NA,NA
1984,granville,1.5,4.3,49,5.4,24,NA,NA,NA
2020,greene,NA,4.4,55,3.9,33.4,NA,NA,NA
2019,greene,NA,4.4,55,3.9,36,NA,NA,NA
2018,greene,NA,4.4,55,3.9,36.6,NA,NA,NA
2017,greene,NA,4.4,55,3.9,39.4,NA,NA,NA
2016,greene,NA,4.4,55,3.9,39,NA,NA,NA
2015,greene,NA,4.4,55,3.9,36,NA,NA,NA
2014,greene,NA,4.4,55,3.9,39.9,NA,NA,NA
2013,greene,NA,4.4,55,3.9,34.5,NA,NA,NA
2012,greene,NA,4.4,55,3.9,39.3,NA,NA,NA
2011,greene,NA,4.4,55,3.9,32.8,NA,NA,NA
2010,greene,NA,4.4,55,3.9,19.4,NA,NA,NA
2009,greene,NA,4.4,55,3.9,31.5,NA,NA,NA
2008,greene,2.5,4.4,55,3.9,28,NA,NA,NA
2007,greene,2.48,4.4,55,3.9,21,NA,NA,NA
2006,greene,3,4.4,55,3.9,30,NA,NA,NA
2005,greene,3.88,4.4,55,3.9,27,NA,NA,NA
2004,greene,2.24,4.4,55,3.9,34,NA,NA,NA
2003,greene,2.1,4.4,55,3.9,30,NA,NA,NA
2002,greene,2,4.4,55,3.9,21,NA,NA,NA
2001,greene,2.64,4.4,55,3.9,30,NA,NA,NA
2000,greene,3.59,4.4,55,3.9,35,NA,NA,NA
1999,greene,1.87,4.4,55,3.9,19,NA,NA,NA
1998,greene,2,4.4,55,3.9,31,NA,NA,NA
1997,greene,2.44,4.4,55,3.9,31,NA,NA,NA
1996,greene,2.5,4.4,55,3.9,27,NA,NA,NA
1995,greene,2.82,4.4,55,3.9,19,NA,NA,NA
1994,greene,2.72,4.4,55,3.9,31,NA,NA,NA
1993,greene,2,4.4,55,3.9,23,NA,NA,NA
1992,greene,3.29,4.4,55,3.9,30,NA,NA,NA
1991,greene,2.58,4.4,55,3.9,31,NA,NA,NA
1990,greene,2.22,4.4,55,3.9,25,NA,NA,NA
1989,greene,2.7,4.4,55,3.9,30,NA,NA,NA
1988,greene,3,4.4,55,3.9,28,NA,NA,NA
1987,greene,2.6,4.4,55,3.9,25,NA,NA,NA
1986,greene,2.3,4.4,55,3.9,24,NA,NA,NA
1985,greene,2,4.4,55,3.9,21,NA,NA,NA
1984,greene,2,4.4,55,3.9,31,NA,NA,NA
2020,guilford,NA,4.3,49,4.9,35.2,NA,NA,NA
2019,guilford,NA,4.3,49,4.9,29,NA,NA,NA
2018,guilford,NA,4.3,49,4.9,33.4,NA,NA,NA
2017,guilford,NA,4.3,49,4.9,38.9,NA,NA,NA
2016,guilford,NA,4.3,49,4.9,30.5,NA,NA,NA
2015,guilford,NA,4.3,49,4.9,NA,NA,NA,NA
2014,guilford,NA,4.3,49,4.9,32.1,NA,NA,NA
2013,guilford,NA,4.3,49,4.9,38,NA,NA,NA
2012,guilford,NA,4.3,49,4.9,43.1,NA,NA,NA
2011,guilford,NA,4.3,49,4.9,21.6,NA,NA,NA
2010,guilford,NA,4.3,49,4.9,24.5,NA,NA,NA
2009,guilford,NA,4.3,49,4.9,23,NA,NA,NA
2008,guilford,1.65,4.3,49,4.9,30.5,NA,NA,NA
2007,guilford,1.14,4.3,49,4.9,13,7,46,NA
2006,guilford,2.13,4.3,49,4.9,36,13,58,NA
2005,guilford,1.94,4.3,49,4.9,25,13,52,NA
2004,guilford,2.2,4.3,49,4.9,36,17,52,NA
2003,guilford,2.74,4.3,49,4.9,31,14,22,NA
2002,guilford,1.46,4.3,49,4.9,25,10,43,NA
2001,guilford,2.02,4.3,49,4.9,35,17,42,NA
2000,guilford,2,4.3,49,4.9,40,16,49,NA
1999,guilford,1.89,4.3,49,4.9,39,14,49,NA
1998,guilford,1.76,4.3,49,4.9,20,6,38,NA
1997,guilford,1.79,4.3,49,4.9,26,12,48,NA
1996,guilford,1.81,4.3,49,4.9,33,12,41,NA
1995,guilford,2.11,4.3,49,4.9,26,13,39,NA
1994,guilford,2.13,4.3,49,4.9,35,18,51,NA
1993,guilford,1.49,4.3,49,4.9,29,9,41,NA
1992,guilford,2.31,4.3,49,4.9,25,13,50,NA
1991,guilford,1.79,4.3,49,4.9,30,16,42,NA
1990,guilford,1.6,4.3,49,4.9,18,NA,NA,NA
1989,guilford,2.2,4.3,49,4.9,24,NA,NA,NA
1988,guilford,1.3,4.3,49,4.9,19,NA,NA,NA
1987,guilford,1.4,4.3,49,4.9,18,NA,NA,NA
1986,guilford,1.1,4.3,49,4.9,22,NA,NA,NA
1985,guilford,1.6,4.3,49,4.9,22,NA,NA,NA
1984,guilford,1.6,4.3,49,4.9,22,NA,NA,NA
2020,halifax,NA,5.25,55,3.5,38.2,NA,NA,NA
2019,halifax,NA,5.25,55,3.5,36,NA,NA,NA
2018,halifax,NA,5.25,55,3.5,40.6,NA,NA,NA
2017,halifax,NA,5.25,55,3.5,42,NA,NA,NA
2016,halifax,NA,5.25,55,3.5,37,NA,NA,NA
2015,halifax,NA,5.25,55,3.5,35,NA,NA,NA
2014,halifax,NA,5.25,55,3.5,NA,NA,NA,NA
2013,halifax,NA,5.25,55,3.5,35.2,NA,NA,NA
2012,halifax,NA,5.25,55,3.5,37.2,NA,NA,NA
2011,halifax,NA,5.25,55,3.5,36,NA,NA,NA
2010,halifax,NA,5.25,55,3.5,22.5,NA,NA,NA
2009,halifax,NA,5.25,55,3.5,33.5,NA,NA,NA
2008,halifax,1.75,5.25,55,3.5,32.5,NA,NA,NA
2007,halifax,2,5.25,55,3.5,25,17,33,NA
2006,halifax,1.87,5.25,55,3.5,30,NA,NA,NA
2005,halifax,1.8,5.25,55,3.5,26,NA,NA,NA
2004,halifax,1.75,5.25,55,3.5,38,NA,NA,NA
2003,halifax,2.03,5.25,55,3.5,35,11,27,NA
2002,halifax,2.17,5.25,55,3.5,28,10,39,NA
2001,halifax,1.23,5.25,55,3.5,31,6,36,NA
2000,halifax,1.77,5.25,55,3.5,33,12,40,NA
1999,halifax,1.72,5.25,55,3.5,22,12,40,NA
1998,halifax,1.51,5.25,55,3.5,26,7,42,NA
1997,halifax,1.18,5.25,55,3.5,27,10,46,NA
1996,halifax,1.83,5.25,55,3.5,29,20,59,NA
1995,halifax,2.24,5.25,55,3.5,23,20,51,NA
1994,halifax,1.27,5.25,55,3.5,30,17,43,NA
1993,halifax,1.04,5.25,55,3.5,21,12,36,NA
1992,halifax,1.81,5.25,55,3.5,26,17,46,NA
1991,halifax,1.61,5.25,55,3.5,28,17,34,NA
1990,halifax,2,5.25,55,3.5,24,NA,NA,NA
1989,halifax,2.4,5.25,55,3.5,25,NA,NA,NA
1988,halifax,1.4,5.25,55,3.5,25,NA,NA,NA
1987,halifax,1.4,5.25,55,3.5,24,NA,NA,NA
1986,halifax,1.8,5.25,55,3.5,25,NA,NA,NA
1985,halifax,1.6,5.25,55,3.5,23,NA,NA,NA
1984,halifax,1.7,5.25,55,3.5,26,NA,NA,NA
2020,harnett,NA,4.2,57,4.5,30.7,NA,NA,NA
2019,harnett,NA,4.2,57,4.5,32.5,NA,NA,NA
2018,harnett,NA,4.2,57,4.5,27.8,NA,NA,NA
2017,harnett,NA,4.2,57,4.5,31.9,NA,NA,NA
2016,harnett,NA,4.2,57,4.5,30.5,NA,NA,NA
2015,harnett,NA,4.2,57,4.5,26.6,NA,NA,NA
2014,harnett,NA,4.2,57,4.5,33.8,NA,NA,NA
2013,harnett,NA,4.2,57,4.5,25,NA,NA,NA
2012,harnett,NA,4.2,57,4.5,33.6,NA,NA,NA
2011,harnett,NA,4.2,57,4.5,23.3,NA,NA,NA
2010,harnett,NA,4.2,57,4.5,20.2,NA,NA,NA
2009,harnett,NA,4.2,57,4.5,30,NA,NA,NA
2008,harnett,2.15,4.2,57,4.5,33.5,NA,NA,NA
2007,harnett,1.84,4.2,57,4.5,13,NA,NA,NA
2006,harnett,2.85,4.2,57,4.5,27,NA,NA,NA
2005,harnett,2.81,4.2,57,4.5,14,NA,NA,NA
2004,harnett,3.11,4.2,57,4.5,29,NA,NA,NA
2003,harnett,3.13,4.2,57,4.5,29,NA,NA,NA
2002,harnett,1.78,4.2,57,4.5,17,NA,NA,NA
2001,harnett,3.02,4.2,57,4.5,30,14,40,NA
2000,harnett,3.18,4.2,57,4.5,29,15,47,NA
1999,harnett,2.59,4.2,57,4.5,23,7,45,NA
1998,harnett,2.58,4.2,57,4.5,23,7,40,NA
1997,harnett,2.12,4.2,57,4.5,24,13,45,NA
1996,harnett,2.95,4.2,57,4.5,27,10,44,NA
1995,harnett,3.36,4.2,57,4.5,18,8,33,NA
1994,harnett,2.73,4.2,57,4.5,28,21,49,NA
1993,harnett,2.36,4.2,57,4.5,21,6,38,NA
1992,harnett,3.81,4.2,57,4.5,21,12,48,NA
1991,harnett,2.9,4.2,57,4.5,28,13,39,NA
1990,harnett,2.39,4.2,57,4.5,17,NA,NA,NA
1989,harnett,2.5,4.2,57,4.5,24,NA,NA,NA
1988,harnett,2.5,4.2,57,4.5,23,NA,NA,NA
1987,harnett,2.5,4.2,57,4.5,20,NA,NA,NA
1986,harnett,2.2,4.2,57,4.5,19,NA,NA,NA
1985,harnett,2.3,4.2,57,4.5,16,NA,NA,NA
1984,harnett,2.2,4.2,57,4.5,24,NA,NA,NA
2020,hertford,NA,5.25,50,3.5,38.4,NA,NA,NA
2019,hertford,NA,5.25,50,3.5,36,NA,NA,NA
2018,hertford,NA,5.25,50,3.5,NA,NA,NA,NA
2017,hertford,NA,5.25,50,3.5,NA,NA,NA,NA
2016,hertford,NA,5.25,50,3.5,NA,NA,NA,NA
2015,hertford,NA,5.25,50,3.5,30.3,NA,NA,NA
2014,hertford,NA,5.25,50,3.5,45.7,NA,NA,NA
2013,hertford,NA,5.25,50,3.5,34.1,NA,NA,NA
2012,hertford,NA,5.25,50,3.5,43,NA,NA,NA
2011,hertford,NA,5.25,50,3.5,34,NA,NA,NA
2010,hertford,NA,5.25,50,3.5,21.1,NA,NA,NA
2009,hertford,NA,5.25,50,3.5,37.5,NA,NA,NA
2008,hertford,NA,5.25,50,3.5,29.5,NA,NA,NA
2007,hertford,NA,5.25,50,3.5,20,NA,NA,NA
2006,hertford,NA,5.25,50,3.5,31,NA,NA,NA
2005,hertford,2,5.25,50,3.5,25,NA,NA,NA
2004,hertford,2,5.25,50,3.5,35,NA,NA,NA
2003,hertford,2.28,5.25,50,3.5,32,NA,NA,NA
2002,hertford,2.5,5.25,50,3.5,23,NA,NA,NA
2001,hertford,1.17,5.25,50,3.5,31,NA,NA,NA
2000,hertford,1.83,5.25,50,3.5,32,NA,NA,NA
1999,hertford,1.83,5.25,50,3.5,24,NA,NA,NA
1998,hertford,1.8,5.25,50,3.5,32,NA,NA,NA
1997,hertford,1.6,5.25,50,3.5,31,NA,NA,NA
1996,hertford,2,5.25,50,3.5,32,NA,NA,NA
1995,hertford,2,5.25,50,3.5,26,NA,NA,NA
1994,hertford,1.6,5.25,50,3.5,29,NA,NA,NA
1993,hertford,1.5,5.25,50,3.5,23,NA,NA,NA
1992,hertford,2,5.25,50,3.5,32,NA,NA,NA
1991,hertford,2,5.25,50,3.5,30,NA,NA,NA
1990,hertford,2,5.25,50,3.5,25,NA,NA,NA
1989,hertford,2.5,5.25,50,3.5,29,NA,NA,NA
1988,hertford,1,5.25,50,3.5,27,NA,NA,NA
1987,hertford,1,5.25,50,3.5,23,NA,NA,NA
1986,hertford,1,5.25,50,3.5,27,NA,NA,NA
1985,hertford,2,5.25,50,3.5,20,NA,NA,NA
1984,hertford,1.5,5.25,50,3.5,32,NA,NA,NA
2020,hoke,NA,4,35,2,29.9,NA,NA,NA
2019,hoke,NA,4,35,2,NA,NA,NA,NA
2018,hoke,NA,4,35,2,NA,NA,NA,NA
2017,hoke,NA,4,35,2,NA,NA,NA,NA
2016,hoke,NA,4,35,2,NA,NA,NA,NA
2015,hoke,NA,4,35,2,NA,NA,NA,NA
2014,hoke,NA,4,35,2,35.7,NA,NA,NA
2013,hoke,NA,4,35,2,NA,NA,NA,NA
2012,hoke,NA,4,35,2,38,NA,NA,NA
2011,hoke,NA,4,35,2,32.2,NA,NA,NA
2010,hoke,NA,4,35,2,20.5,NA,NA,NA
2009,hoke,NA,4,35,2,27.5,NA,NA,NA
2008,hoke,3,4,35,2,39,NA,NA,NA
2007,hoke,1.3,4,35,2,11,NA,NA,NA
2006,hoke,4.5,4,35,2,29,NA,NA,NA
2005,hoke,4.21,4,35,2,21,NA,NA,NA
2004,hoke,3.53,4,35,2,31,NA,NA,NA
2003,hoke,3.43,4,35,2,30,NA,NA,NA
2002,hoke,2.26,4,35,2,17,NA,NA,NA
2001,hoke,3.04,4,35,2,25,NA,NA,NA
2000,hoke,1.91,4,35,2,24,NA,NA,NA
1999,hoke,2.43,4,35,2,24,NA,NA,NA
1998,hoke,2.48,4,35,2,20,NA,NA,NA
1997,hoke,3,4,35,2,23,NA,NA,NA
1996,hoke,2.91,4,35,2,26,NA,NA,NA
1995,hoke,2.95,4,35,2,21,NA,NA,NA
1994,hoke,2.81,4,35,2,27,NA,NA,NA
1993,hoke,1.95,4,35,2,18,NA,NA,NA
1992,hoke,3,4,35,2,24,NA,NA,NA
1991,hoke,2.79,4,35,2,26,NA,NA,NA
1990,hoke,2.11,4,35,2,17,NA,NA,NA
1989,hoke,2.8,4,35,2,23,NA,NA,NA
1988,hoke,2.5,4,35,2,26,NA,NA,NA
1987,hoke,2.6,4,35,2,25,NA,NA,NA
1986,hoke,2.2,4,35,2,24,NA,NA,NA
1985,hoke,2.3,4,35,2,17,NA,NA,NA
1984,hoke,2.4,4,35,2,28,NA,NA,NA
2020,johnston,NA,5.25,60,4,32.3,NA,NA,NA
2019,johnston,NA,5.25,60,4,30,NA,NA,NA
2018,johnston,NA,5.25,60,4,29,NA,NA,NA
2017,johnston,NA,5.25,60,4,34.2,NA,NA,NA
2016,johnston,NA,5.25,60,4,30.9,NA,NA,NA
2015,johnston,NA,5.25,60,4,24.6,NA,NA,NA
2014,johnston,NA,5.25,60,4,36.8,NA,NA,NA
2013,johnston,NA,5.25,60,4,28.8,NA,NA,NA
2012,johnston,NA,5.25,60,4,34.2,NA,NA,NA
2011,johnston,NA,5.25,60,4,28.2,NA,NA,NA
2010,johnston,NA,5.25,60,4,21.5,NA,NA,NA
2009,johnston,NA,5.25,60,4,31.5,NA,NA,NA
2008,johnston,2.55,5.25,60,4,31.5,NA,NA,NA
2007,johnston,1.89,5.25,60,4,14,NA,NA,NA
2006,johnston,2.86,5.25,60,4,30,NA,NA,NA
2005,johnston,3.35,5.25,60,4,20,NA,NA,NA
2004,johnston,3.05,5.25,60,4,32,NA,NA,NA
2003,johnston,3.24,5.25,60,4,29,NA,NA,NA
2002,johnston,1.88,5.25,60,4,18,NA,NA,NA
2001,johnston,3.03,5.25,60,4,31,NA,NA,NA
2000,johnston,3.47,5.25,60,4,35,NA,NA,NA
1999,johnston,2.07,5.25,60,4,19,NA,NA,NA
1998,johnston,1.96,5.25,60,4,23,NA,NA,NA
1997,johnston,2.43,5.25,60,4,27,12,50,NA
1996,johnston,2.81,5.25,60,4,27,NA,NA,NA
1995,johnston,3.16,5.25,60,4,16,NA,NA,NA
1994,johnston,3.18,5.25,60,4,31,NA,NA,NA
1993,johnston,2.28,5.25,60,4,21,NA,NA,NA
1992,johnston,3.71,5.25,60,4,25,20,50,NA
1991,johnston,2.81,5.25,60,4,28,18,43,NA
1990,johnston,2.31,5.25,60,4,20,NA,NA,NA
1989,johnston,2.5,5.25,60,4,25,NA,NA,NA
1988,johnston,1.9,5.25,60,4,25,NA,NA,NA
1987,johnston,1.8,5.25,60,4,20,NA,NA,NA
1986,johnston,1.4,5.25,60,4,20,NA,NA,NA
1985,johnston,2,5.25,60,4,19,NA,NA,NA
1984,johnston,1.9,5.25,60,4,26,NA,NA,NA
2020,jones,NA,3.5,45,3.4,31.1,NA,NA,NA
2019,jones,NA,3.5,45,3.4,33.5,NA,NA,NA
2018,jones,NA,3.5,45,3.4,NA,NA,NA,NA
2017,jones,NA,3.5,45,3.4,NA,NA,NA,NA
2016,jones,NA,3.5,45,3.4,NA,NA,NA,NA
2015,jones,NA,3.5,45,3.4,37.2,NA,NA,NA
2014,jones,NA,3.5,45,3.4,39.9,NA,NA,NA
2013,jones,NA,3.5,45,3.4,37.8,NA,NA,NA
2012,jones,NA,3.5,45,3.4,37.9,NA,NA,NA
2011,jones,NA,3.5,45,3.4,25,NA,NA,NA
2010,jones,NA,3.5,45,3.4,27.7,NA,NA,NA
2009,jones,NA,3.5,45,3.4,37,NA,NA,NA
2008,jones,2.6,3.5,45,3.4,35,NA,NA,NA
2007,jones,2.55,3.5,45,3.4,27,NA,NA,NA
2006,jones,2.75,3.5,45,3.4,28,NA,NA,NA
2005,jones,3,3.5,45,3.4,23,NA,NA,NA
2004,jones,2.67,3.5,45,3.4,30,NA,NA,NA
2003,jones,2.38,3.5,45,3.4,25,NA,NA,NA
2002,jones,2.27,3.5,45,3.4,26,NA,NA,NA
2001,jones,3.21,3.5,45,3.4,34,NA,NA,NA
2000,jones,3.29,3.5,45,3.4,30,NA,NA,NA
1999,jones,2.14,3.5,45,3.4,18,NA,NA,NA
1998,jones,2.07,3.5,45,3.4,25,NA,NA,NA
1997,jones,2.14,3.5,45,3.4,29,NA,NA,NA
1996,jones,2.07,3.5,45,3.4,25,NA,NA,NA
1995,jones,2,3.5,45,3.4,17,NA,NA,NA
1994,jones,2,3.5,45,3.4,23,NA,NA,NA
1993,jones,2,3.5,45,3.4,21,NA,NA,NA
1992,jones,2,3.5,45,3.4,26,NA,NA,NA
1991,jones,2,3.5,45,3.4,27,NA,NA,NA
1990,jones,2,3.5,45,3.4,23,NA,NA,NA
1989,jones,2.7,3.5,45,3.4,26,NA,NA,NA
1988,jones,2,3.5,45,3.4,25,NA,NA,NA
1987,jones,1.7,3.5,45,3.4,27,NA,NA,NA
1986,jones,2,3.5,45,3.4,25,NA,NA,NA
1985,jones,2,3.5,45,3.4,24,NA,NA,NA
1984,jones,2,3.5,45,3.4,28,NA,NA,NA
2020,lee,NA,4.2,57,4.8,30.6,NA,NA,NA
2019,lee,NA,4.2,57,4.8,22,NA,NA,NA
2018,lee,NA,4.2,57,4.8,NA,NA,NA,NA
2017,lee,NA,4.2,57,4.8,NA,NA,NA,NA
2016,lee,NA,4.2,57,4.8,25.5,NA,NA,NA
2015,lee,NA,4.2,57,4.8,17.6,NA,NA,NA
2014,lee,NA,4.2,57,4.8,37.1,NA,NA,NA
2013,lee,NA,4.2,57,4.8,24,NA,NA,NA
2012,lee,NA,4.2,57,4.8,29,NA,NA,NA
2011,lee,NA,4.2,57,4.8,24,NA,NA,NA
2010,lee,NA,4.2,57,4.8,11.5,NA,NA,NA
2009,lee,NA,4.2,57,4.8,32,NA,NA,NA
2008,lee,1.95,4.2,57,4.8,30,NA,NA,NA
2007,lee,1.44,4.2,57,4.8,8,NA,NA,NA
2006,lee,2.4,4.2,57,4.8,31,NA,NA,NA
2005,lee,2.61,4.2,57,4.8,19,NA,NA,NA
2004,lee,2.35,4.2,57,4.8,27,NA,NA,NA
2003,lee,2.42,4.2,57,4.8,26,NA,NA,NA
2002,lee,1.7,4.2,57,4.8,20,NA,NA,NA
2001,lee,2.55,4.2,57,4.8,26,NA,NA,NA
2000,lee,2.18,4.2,57,4.8,28,NA,NA,NA
1999,lee,2.18,4.2,57,4.8,22,NA,NA,NA
1998,lee,2.14,4.2,57,4.8,18,NA,NA,NA
1997,lee,2.05,4.2,57,4.8,23,NA,NA,NA
1996,lee,2.05,4.2,57,4.8,29,NA,NA,NA
1995,lee,2.32,4.2,57,4.8,19,NA,NA,NA
1994,lee,2.32,4.2,57,4.8,30,NA,NA,NA
1993,lee,1.58,4.2,57,4.8,16,NA,NA,NA
1992,lee,2.71,4.2,57,4.8,18,NA,NA,NA
1991,lee,2.52,4.2,57,4.8,24,NA,NA,NA
1990,lee,1.8,4.2,57,4.8,15,NA,NA,NA
1989,lee,2.1,4.2,57,4.8,23,NA,NA,NA
1988,lee,2.1,4.2,57,4.8,22,NA,NA,NA
1987,lee,1.6,4.2,57,4.8,18,NA,NA,NA
1986,lee,1.3,4.2,57,4.8,17,NA,NA,NA
1985,lee,1.7,4.2,57,4.8,18,NA,NA,NA
1984,lee,1.7,4.2,57,4.8,17,NA,NA,NA
2020,lenoir,NA,4.65,59,3.4,34.7,NA,NA,NA
2019,lenoir,NA,4.65,59,3.4,36,NA,NA,NA
2018,lenoir,NA,4.65,59,3.4,27.6,NA,NA,NA
2017,lenoir,NA,4.65,59,3.4,39.8,NA,NA,NA
2016,lenoir,NA,4.65,59,3.4,37.3,NA,NA,NA
2015,lenoir,NA,4.65,59,3.4,34.8,NA,NA,NA
2014,lenoir,NA,4.65,59,3.4,36.5,NA,NA,NA
2013,lenoir,NA,4.65,59,3.4,31.2,NA,NA,NA
2012,lenoir,NA,4.65,59,3.4,37.8,NA,NA,NA
2011,lenoir,NA,4.65,59,3.4,26,NA,NA,NA
2010,lenoir,NA,4.65,59,3.4,24.6,NA,NA,NA
2009,lenoir,NA,4.65,59,3.4,34.5,NA,NA,NA
2008,lenoir,3.1,4.65,59,3.4,29.5,NA,NA,NA
2007,lenoir,2.57,4.65,59,3.4,25,NA,NA,NA
2006,lenoir,3.19,4.65,59,3.4,32,NA,NA,NA
2005,lenoir,3.16,4.65,59,3.4,27,NA,NA,NA
2004,lenoir,2.96,4.65,59,3.4,33,NA,NA,NA
2003,lenoir,2.77,4.65,59,3.4,27,NA,NA,NA
2002,lenoir,2.39,4.65,59,3.4,20,NA,NA,NA
2001,lenoir,3.04,4.65,59,3.4,31,NA,NA,NA
2000,lenoir,3.45,4.65,59,3.4,36,NA,NA,NA
1999,lenoir,2.36,4.65,59,3.4,21,15,43,NA
1998,lenoir,2,4.65,59,3.4,24,9,40,NA
1997,lenoir,2.36,4.65,59,3.4,27,15,50,NA
1996,lenoir,2.48,4.65,59,3.4,26,10,40,NA
1995,lenoir,2.95,4.65,59,3.4,20,21,38,NA
1994,lenoir,2.69,4.65,59,3.4,24,20,43,NA
1993,lenoir,2,4.65,59,3.4,22,13,46,NA
1992,lenoir,3,4.65,59,3.4,26,12,56,NA
1991,lenoir,2.5,4.65,59,3.4,28,13,39,NA
1990,lenoir,2.59,4.65,59,3.4,22,NA,NA,NA
1989,lenoir,2.5,4.65,59,3.4,28,NA,NA,NA
1988,lenoir,3,4.65,59,3.4,27,NA,NA,NA
1987,lenoir,2.3,4.65,59,3.4,24,NA,NA,NA
1986,lenoir,2.9,4.65,59,3.4,24,NA,NA,NA
1985,lenoir,1.8,4.65,59,3.4,22,NA,NA,NA
1984,lenoir,1.8,4.65,59,3.4,28,NA,NA,NA
2020,martin,NA,4.75,60,3.5,35.9,NA,NA,NA
2019,martin,NA,4.75,60,3.5,39,NA,NA,NA
2018,martin,NA,4.75,60,3.5,35.9,NA,NA,NA
2017,martin,NA,4.75,60,3.5,40.4,NA,NA,NA
2016,martin,NA,4.75,60,3.5,35.2,NA,NA,NA
2015,martin,NA,4.75,60,3.5,30,NA,NA,NA
2014,martin,NA,4.75,60,3.5,38.7,NA,NA,NA
2013,martin,NA,4.75,60,3.5,36.8,NA,NA,NA
2012,martin,NA,4.75,60,3.5,NA,NA,NA,NA
2011,martin,NA,4.75,60,3.5,NA,NA,NA,NA
2010,martin,NA,4.75,60,3.5,25,NA,NA,NA
2009,martin,NA,4.75,60,3.5,36,NA,NA,NA
2008,martin,1.8,4.75,60,3.5,31.5,NA,NA,NA
2007,martin,1.4,4.75,60,3.5,24,NA,NA,NA
2006,martin,1.68,4.75,60,3.5,31,NA,NA,NA
2005,martin,1.8,4.75,60,3.5,28,NA,NA,NA
2004,martin,2.18,4.75,60,3.5,37,NA,NA,NA
2003,martin,2.46,4.75,60,3.5,31,NA,NA,NA
2002,martin,2,4.75,60,3.5,24,NA,NA,NA
2001,martin,1.33,4.75,60,3.5,33,NA,NA,NA
2000,martin,1.74,4.75,60,3.5,31,NA,NA,NA
1999,martin,1.55,4.75,60,3.5,20,NA,NA,NA
1998,martin,1.5,4.75,60,3.5,29,NA,NA,NA
1997,martin,1,4.75,60,3.5,29,NA,NA,NA
1996,martin,1.5,4.75,60,3.5,30,NA,NA,NA
1995,martin,1.89,4.75,60,3.5,21,NA,NA,NA
1994,martin,1.33,4.75,60,3.5,28,NA,NA,NA
1993,martin,1.2,4.75,60,3.5,23,NA,NA,NA
1992,martin,1.4,4.75,60,3.5,30,NA,NA,NA
1991,martin,1.52,4.75,60,3.5,28,NA,NA,NA
1990,martin,1.8,4.75,60,3.5,24,NA,NA,NA
1989,martin,1.5,4.75,60,3.5,28,NA,NA,NA
1988,martin,1.5,4.75,60,3.5,28,NA,NA,NA
1987,martin,1.4,4.75,60,3.5,28,NA,NA,NA
1986,martin,1.1,4.75,60,3.5,29,NA,NA,NA
1985,martin,1.5,4.75,60,3.5,25,NA,NA,NA
1984,martin,1.6,4.75,60,3.5,31,NA,NA,NA
2020,montgomery,NA,5.65,54,3.9,NA,NA,NA,NA
2019,montgomery,NA,5.65,54,3.9,NA,NA,NA,NA
2018,montgomery,NA,5.65,54,3.9,NA,NA,NA,NA
2017,montgomery,NA,5.65,54,3.9,NA,NA,NA,NA
2016,montgomery,NA,5.65,54,3.9,NA,NA,NA,NA
2015,montgomery,NA,5.65,54,3.9,31.9,NA,NA,8.918
2014,montgomery,NA,5.65,54,3.9,NA,NA,NA,NA
2013,montgomery,NA,5.65,54,3.9,30.6,NA,NA,8.64
2012,montgomery,NA,5.65,54,3.9,32.7,NA,NA,10.166
2011,montgomery,NA,5.65,54,3.9,NA,NA,NA,NA
2010,montgomery,NA,5.65,54,3.9,NA,NA,NA,NA
2009,montgomery,NA,5.65,54,3.9,32,NA,NA,9.756
2008,montgomery,2.2,5.65,54,3.9,NA,NA,NA,9.883
2007,montgomery,2.15,5.65,54,3.9,15,NA,NA,9.85
2006,montgomery,2.95,5.65,54,3.9,37,NA,NA,11.146
2005,montgomery,2.53,5.65,54,3.9,30,NA,NA,12.76
2004,montgomery,2.56,5.65,54,3.9,33,NA,NA,11.262
2003,montgomery,2.54,5.65,54,3.9,33,NA,NA,13.51
2002,montgomery,1.7,5.65,54,3.9,18,NA,NA,12.991
2001,montgomery,1.89,5.65,54,3.9,31,NA,NA,11.541
2000,montgomery,2.42,5.65,54,3.9,30,NA,NA,12.686
1999,montgomery,2.53,5.65,54,3.9,25,NA,NA,NA
1998,montgomery,2.51,5.65,54,3.9,25,NA,NA,NA
1997,montgomery,1.97,5.65,54,3.9,28,NA,NA,NA
1996,montgomery,1.89,5.65,54,3.9,33,NA,NA,NA
1995,montgomery,2.1,5.65,54,3.9,29,30,36,NA
1994,montgomery,2,5.65,54,3.9,36,17,49,NA
1993,montgomery,1.41,5.65,54,3.9,21,5,36,NA
1992,montgomery,2.19,5.65,54,3.9,26,11,45,NA
1991,montgomery,1.79,5.65,54,3.9,32,18,21,NA
1990,montgomery,1.81,5.65,54,3.9,16,NA,NA,NA
1989,montgomery,2.2,5.65,54,3.9,31,NA,NA,NA
1988,montgomery,1.9,5.65,54,3.9,24,NA,NA,NA
1987,montgomery,1.4,5.65,54,3.9,23,NA,NA,NA
1986,montgomery,1.9,5.65,54,3.9,23,NA,NA,NA
1985,montgomery,2,5.65,54,3.9,21,NA,NA,NA
1984,montgomery,1.8,5.65,54,3.9,23,NA,NA,NA
2020,moore,NA,2.95,39,3.4,29.2,NA,NA,NA
2019,moore,NA,2.95,39,3.4,32,NA,NA,NA
2018,moore,NA,2.95,39,3.4,23.5,NA,NA,NA
2017,moore,NA,2.95,39,3.4,23.8,NA,NA,NA
2016,moore,NA,2.95,39,3.4,NA,NA,NA,NA
2015,moore,NA,2.95,39,3.4,24,NA,NA,NA
2014,moore,NA,2.95,39,3.4,32.9,NA,NA,NA
2013,moore,NA,2.95,39,3.4,20.5,NA,NA,NA
2012,moore,NA,2.95,39,3.4,38.9,NA,NA,NA
2011,moore,NA,2.95,39,3.4,23.9,NA,NA,NA
2010,moore,NA,2.95,39,3.4,17.1,NA,NA,NA
2009,moore,NA,2.95,39,3.4,24,NA,NA,NA
2008,moore,2.45,2.95,39,3.4,28.5,NA,NA,NA
2007,moore,1.55,2.95,39,3.4,13,NA,NA,NA
2006,moore,2.6,2.95,39,3.4,29,NA,NA,NA
2005,moore,2.54,2.95,39,3.4,20,NA,NA,NA
2004,moore,2.54,2.95,39,3.4,33,NA,NA,NA
2003,moore,2.52,2.95,39,3.4,31,NA,NA,NA
2002,moore,1.87,2.95,39,3.4,17,NA,NA,NA
2001,moore,2.2,2.95,39,3.4,33,NA,NA,NA
2000,moore,2.82,2.95,39,3.4,28,NA,NA,NA
1999,moore,2.44,2.95,39,3.4,28,NA,NA,NA
1998,moore,2.51,2.95,39,3.4,22,NA,NA,NA
1997,moore,2.23,2.95,39,3.4,25,NA,NA,NA
1996,moore,2.04,2.95,39,3.4,33,NA,NA,NA
1995,moore,2.39,2.95,39,3.4,19,NA,NA,NA
1994,moore,2.46,2.95,39,3.4,31,NA,NA,NA
1993,moore,1.97,2.95,39,3.4,17,NA,NA,NA
1992,moore,3.09,2.95,39,3.4,19,NA,NA,NA
1991,moore,2.81,2.95,39,3.4,26,NA,NA,NA
1990,moore,2.5,2.95,39,3.4,15,NA,NA,NA
1989,moore,2.3,2.95,39,3.4,29,NA,NA,NA
1988,moore,2.1,2.95,39,3.4,23,NA,NA,NA
1987,moore,1.9,2.95,39,3.4,20,NA,NA,NA
1986,moore,1.9,2.95,39,3.4,20,NA,NA,NA
1985,moore,2,2.95,39,3.4,22,NA,NA,NA
1984,moore,2,2.95,39,3.4,19,NA,NA,NA
2020,nash,NA,5.75,65,4,34.8,NA,NA,NA
2019,nash,NA,5.75,65,4,29,NA,NA,NA
2018,nash,NA,5.75,65,4,32.8,NA,NA,NA
2017,nash,NA,5.75,65,4,36.5,NA,NA,NA
2016,nash,NA,5.75,65,4,26.1,NA,NA,NA
2015,nash,NA,5.75,65,4,23.5,NA,NA,NA
2014,nash,NA,5.75,65,4,36.8,NA,NA,NA
2013,nash,NA,5.75,65,4,31.3,NA,NA,NA
2012,nash,NA,5.75,65,4,38.5,NA,NA,NA
2011,nash,NA,5.75,65,4,32,NA,NA,NA
2010,nash,NA,5.75,65,4,17,NA,NA,NA
2009,nash,NA,5.75,65,4,27.5,NA,NA,NA
2008,nash,2.5,5.75,65,4,28.5,NA,NA,NA
2007,nash,1.44,5.75,65,4,13,NA,NA,NA
2006,nash,2.56,5.75,65,4,27,NA,NA,NA
2005,nash,2.19,5.75,65,4,18,NA,NA,NA
2004,nash,2.5,5.75,65,4,29,NA,NA,NA
2003,nash,2.94,5.75,65,4,30,NA,NA,NA
2002,nash,2.49,5.75,65,4,17,NA,NA,NA
2001,nash,2.04,5.75,65,4,29,NA,NA,NA
2000,nash,2.81,5.75,65,4,31,NA,NA,NA
1999,nash,2.41,5.75,65,4,25,NA,NA,NA
1998,nash,2.1,5.75,65,4,24,11,41,NA
1997,nash,2.42,5.75,65,4,27,NA,NA,NA
1996,nash,2.59,5.75,65,4,25,NA,NA,NA
1995,nash,2.81,5.75,65,4,20,NA,NA,NA
1994,nash,2.14,5.75,65,4,27,NA,NA,NA
1993,nash,1.13,5.75,65,4,20,NA,NA,NA
1992,nash,2.39,5.75,65,4,24,17,43,NA
1991,nash,2,5.75,65,4,25,14,38,NA
1990,nash,1.79,5.75,65,4,25,NA,NA,NA
1989,nash,2.1,5.75,65,4,23,NA,NA,NA
1988,nash,1.7,5.75,65,4,27,NA,NA,NA
1987,nash,1.9,5.75,65,4,21,NA,NA,NA
1986,nash,1.1,5.75,65,4,22,NA,NA,NA
1985,nash,1.7,5.75,65,4,21,NA,NA,NA
1984,nash,1.7,5.75,65,4,27,NA,NA,NA
2020,northampton,NA,5.25,50,3.5,38.5,NA,NA,NA
2019,northampton,NA,5.25,50,3.5,34,NA,NA,NA
2018,northampton,NA,5.25,50,3.5,NA,NA,NA,NA
2017,northampton,NA,5.25,50,3.5,42,NA,NA,NA
2016,northampton,NA,5.25,50,3.5,35,NA,NA,NA
2015,northampton,NA,5.25,50,3.5,30.9,NA,NA,NA
2014,northampton,NA,5.25,50,3.5,42,NA,NA,NA
2013,northampton,NA,5.25,50,3.5,28.6,NA,NA,NA
2012,northampton,NA,5.25,50,3.5,45.3,NA,NA,NA
2011,northampton,NA,5.25,50,3.5,37.2,NA,NA,NA
2010,northampton,NA,5.25,50,3.5,17.6,NA,NA,NA
2009,northampton,NA,5.25,50,3.5,39,NA,NA,NA
2008,northampton,NA,5.25,50,3.5,33,NA,NA,NA
2007,northampton,NA,5.25,50,3.5,22,NA,NA,NA
2006,northampton,2.6,5.25,50,3.5,30,NA,NA,NA
2005,northampton,2.14,5.25,50,3.5,23,NA,NA,NA
2004,northampton,1.75,5.25,50,3.5,39,NA,NA,NA
2003,northampton,1.88,5.25,50,3.5,34,NA,NA,NA
2002,northampton,1.81,5.25,50,3.5,21,NA,NA,NA
2001,northampton,1.57,5.25,50,3.5,34,NA,NA,NA
2000,northampton,1.79,5.25,50,3.5,32,NA,NA,NA
1999,northampton,1.71,5.25,50,3.5,21,NA,NA,NA
1998,northampton,2.31,5.25,50,3.5,29,NA,NA,NA
1997,northampton,2.69,5.25,50,3.5,30,NA,NA,NA
1996,northampton,2.46,5.25,50,3.5,30,NA,NA,NA
1995,northampton,2.54,5.25,50,3.5,23,NA,NA,NA
1994,northampton,1.5,5.25,50,3.5,29,NA,NA,NA
1993,northampton,1.5,5.25,50,3.5,21,NA,NA,NA
1992,northampton,1.5,5.25,50,3.5,30,20,51,NA
1991,northampton,2.4,5.25,50,3.5,31,14,45,NA
1990,northampton,1.6,5.25,50,3.5,25,NA,NA,NA
1989,northampton,2.4,5.25,50,3.5,29,NA,NA,NA
1988,northampton,1.5,5.25,50,3.5,26,NA,NA,NA
1987,northampton,1.4,5.25,50,3.5,25,NA,NA,NA
1986,northampton,1.2,5.25,50,3.5,28,NA,NA,NA
1985,northampton,1.5,5.25,50,3.5,24,NA,NA,NA
1984,northampton,1.5,5.25,50,3.5,29,NA,NA,NA
2020,onslow,NA,4.65,59,3.4,33.8,NA,NA,NA
2019,onslow,NA,4.65,59,3.4,36,NA,NA,NA
2018,onslow,NA,4.65,59,3.4,18.4,NA,NA,NA
2017,onslow,NA,4.65,59,3.4,NA,NA,NA,NA
2016,onslow,NA,4.65,59,3.4,NA,NA,NA,NA
2015,onslow,NA,4.65,59,3.4,33.8,NA,NA,NA
2014,onslow,NA,4.65,59,3.4,38.7,NA,NA,NA
2013,onslow,NA,4.65,59,3.4,36,NA,NA,NA
2012,onslow,NA,4.65,59,3.4,41.4,NA,NA,NA
2011,onslow,NA,4.65,59,3.4,28.3,NA,NA,NA
2010,onslow,NA,4.65,59,3.4,29.4,NA,NA,NA
2009,onslow,NA,4.65,59,3.4,32.5,NA,NA,NA
2008,onslow,2.25,4.65,59,3.4,33,NA,NA,NA
2007,onslow,2.16,4.65,59,3.4,28,NA,NA,NA
2006,onslow,3,4.65,59,3.4,31,NA,NA,NA
2005,onslow,3.36,4.65,59,3.4,26,NA,NA,NA
2004,onslow,3.64,4.65,59,3.4,30,NA,NA,NA
2003,onslow,3.41,4.65,59,3.4,24,NA,NA,NA
2002,onslow,2.46,4.65,59,3.4,29,NA,NA,NA
2001,onslow,3.04,4.65,59,3.4,32,NA,NA,NA
2000,onslow,2.36,4.65,59,3.4,35,NA,NA,NA
1999,onslow,2.29,4.65,59,3.4,32,NA,NA,NA
1998,onslow,2,4.65,59,3.4,30,NA,NA,NA
1997,onslow,2.2,4.65,59,3.4,27,NA,NA,NA
1996,onslow,2.6,4.65,59,3.4,25,NA,NA,NA
1995,onslow,2.52,4.65,59,3.4,22,NA,NA,NA
1994,onslow,2.75,4.65,59,3.4,26,NA,NA,NA
1993,onslow,2.17,4.65,59,3.4,22,NA,NA,NA
1992,onslow,3.5,4.65,59,3.4,26,15,48,NA
1991,onslow,2.5,4.65,59,3.4,26,18,33,NA
1990,onslow,2,4.65,59,3.4,26,NA,NA,NA
1989,onslow,1.8,4.65,59,3.4,27,NA,NA,NA
1988,onslow,1.9,4.65,59,3.4,25,NA,NA,NA
1987,onslow,2.7,4.65,59,3.4,26,NA,NA,NA
1986,onslow,1.8,4.65,59,3.4,25,NA,NA,NA
1985,onslow,2.2,4.65,59,3.4,22,NA,NA,NA
1984,onslow,2.2,4.65,59,3.4,25,NA,NA,NA
2020,orange,NA,4.3,59,4.9,41.3,NA,NA,NA
2019,orange,NA,4.3,59,4.9,NA,NA,NA,NA
2018,orange,NA,4.3,59,4.9,33.8,NA,NA,11.739
2017,orange,NA,4.3,59,4.9,38.1,NA,NA,10.671
2016,orange,NA,4.3,59,4.9,35.7,NA,NA,11.838
2015,orange,NA,4.3,59,4.9,32.4,NA,NA,12.003
2014,orange,NA,4.3,59,4.9,37.6,NA,NA,10.697
2013,orange,NA,4.3,59,4.9,36,NA,NA,11.921
2012,orange,NA,4.3,59,4.9,37.9,NA,NA,12.182
2011,orange,NA,4.3,59,4.9,24.8,NA,NA,11.496
2010,orange,NA,4.3,59,4.9,24.2,NA,NA,10.369
2009,orange,NA,4.3,59,4.9,30,NA,NA,11.404
2008,orange,2,4.3,59,4.9,27.5,NA,NA,13.042
2007,orange,1.12,4.3,59,4.9,22,13,55,11.764
2006,orange,1.9,4.3,59,4.9,31,13,59,14.407
2005,orange,1.68,4.3,59,4.9,25,15,51,13.104
2004,orange,2.27,4.3,59,4.9,33,12,49,13.66
2003,orange,2.34,4.3,59,4.9,32,15,43,15.592
2002,orange,1.56,4.3,59,4.9,25,5,43,14.382
2001,orange,2.52,4.3,59,4.9,37,18,38,13.873
2000,orange,2.6,4.3,59,4.9,30,16,41,15.565
1999,orange,1.89,4.3,59,4.9,24,11,45,NA
1998,orange,1.46,4.3,59,4.9,18,7,32,NA
1997,orange,1.86,4.3,59,4.9,24,11,48,NA
1996,orange,1.69,4.3,59,4.9,33,13,35,NA
1995,orange,2.1,4.3,59,4.9,17,15,43,NA
1994,orange,2.41,4.3,59,4.9,31,16,41,NA
1993,orange,1.47,4.3,59,4.9,28,13,40,NA
1992,orange,2.2,4.3,59,4.9,29,18,56,NA
1991,orange,2.3,4.3,59,4.9,27,16,36,NA
1990,orange,1.8,4.3,59,4.9,21,NA,NA,NA
1989,orange,2.1,4.3,59,4.9,25,NA,NA,NA
1988,orange,2,4.3,59,4.9,20,NA,NA,NA
1987,orange,1.7,4.3,59,4.9,15,NA,NA,NA
1986,orange,1.6,4.3,59,4.9,21,NA,NA,NA
1985,orange,1.7,4.3,59,4.9,23,NA,NA,NA
1984,orange,1.8,4.3,59,4.9,26,NA,NA,NA
2020,pasquotank,NA,5.75,55,4,45.9,NA,NA,NA
2019,pasquotank,NA,5.75,55,4,44,NA,NA,NA
2018,pasquotank,NA,5.75,55,4,42.5,NA,NA,NA
2017,pasquotank,NA,5.75,55,4,48.5,NA,NA,NA
2016,pasquotank,NA,5.75,55,4,NA,NA,NA,NA
2015,pasquotank,NA,5.75,55,4,NA,NA,NA,NA
2014,pasquotank,NA,5.75,55,4,46,NA,NA,NA
2013,pasquotank,NA,5.75,55,4,NA,NA,NA,NA
2012,pasquotank,NA,5.75,55,4,43.5,NA,NA,NA
2011,pasquotank,NA,5.75,55,4,30.3,NA,NA,NA
2010,pasquotank,NA,5.75,55,4,39.3,NA,NA,NA
2009,pasquotank,NA,5.75,55,4,42.5,NA,NA,NA
2008,pasquotank,NA,5.75,55,4,33,NA,NA,NA
2007,pasquotank,NA,5.75,55,4,28,NA,NA,NA
2006,pasquotank,2.5,5.75,55,4,31,NA,NA,NA
2005,pasquotank,1.67,5.75,55,4,33,NA,NA,NA
2004,pasquotank,NA,5.75,55,4,39,NA,NA,NA
2003,pasquotank,NA,5.75,55,4,31,NA,NA,NA
2002,pasquotank,NA,5.75,55,4,32,NA,NA,NA
2001,pasquotank,NA,5.75,55,4,40,NA,NA,NA
2000,pasquotank,NA,5.75,55,4,37,NA,NA,NA
1999,pasquotank,NA,5.75,55,4,26,NA,NA,NA
1998,pasquotank,NA,5.75,55,4,32,NA,NA,NA
1997,pasquotank,NA,5.75,55,4,33,NA,NA,NA
1996,pasquotank,NA,5.75,55,4,37,NA,NA,NA
1995,pasquotank,NA,5.75,55,4,35,NA,NA,NA
1994,pasquotank,NA,5.75,55,4,37,NA,NA,NA
1993,pasquotank,NA,5.75,55,4,34,NA,NA,NA
1992,pasquotank,NA,5.75,55,4,34,NA,NA,NA
1991,pasquotank,2,5.75,55,4,37,NA,NA,NA
1990,pasquotank,2,5.75,55,4,36,NA,NA,NA
1989,pasquotank,2,5.75,55,4,28,NA,NA,NA
1988,pasquotank,2,5.75,55,4,32,NA,NA,NA
1987,pasquotank,1,5.75,55,4,33,NA,NA,NA
1986,pasquotank,1,5.75,55,4,29,NA,NA,NA
1985,pasquotank,1,5.75,55,4,32,NA,NA,NA
1984,pasquotank,1,5.75,55,4,33,NA,NA,NA
2020,pender,NA,5.75,65,4,35.7,NA,NA,NA
2019,pender,NA,5.75,65,4,NA,NA,NA,NA
2018,pender,NA,5.75,65,4,NA,NA,NA,NA
2017,pender,NA,5.75,65,4,NA,NA,NA,NA
2016,pender,NA,5.75,65,4,35,NA,NA,NA
2015,pender,NA,5.75,65,4,NA,NA,NA,NA
2014,pender,NA,5.75,65,4,NA,NA,NA,NA
2013,pender,NA,5.75,65,4,NA,NA,NA,NA
2012,pender,NA,5.75,65,4,NA,NA,NA,NA
2011,pender,NA,5.75,65,4,NA,NA,NA,NA
2010,pender,NA,5.75,65,4,NA,NA,NA,NA
2009,pender,NA,5.75,65,4,NA,NA,NA,NA
2008,pender,2,5.75,65,4,NA,NA,NA,NA
2007,pender,1.88,5.75,65,4,NA,NA,NA,NA
2006,pender,2,5.75,65,4,26,NA,NA,NA
2005,pender,2.89,5.75,65,4,26,NA,NA,NA
2004,pender,3.06,5.75,65,4,34,NA,NA,NA
2003,pender,2.95,5.75,65,4,29,NA,NA,NA
2002,pender,3,5.75,65,4,25,NA,NA,NA
2001,pender,2.63,5.75,65,4,32,NA,NA,NA
2000,pender,1.95,5.75,65,4,36,NA,NA,NA
1999,pender,2.05,5.75,65,4,23,NA,NA,NA
1998,pender,2,5.75,65,4,25,NA,NA,NA
1997,pender,2.21,5.75,65,4,28,NA,NA,NA
1996,pender,2.32,5.75,65,4,25,NA,NA,NA
1995,pender,2.5,5.75,65,4,20,NA,NA,NA
1994,pender,2.1,5.75,65,4,30,NA,NA,NA
1993,pender,1.4,5.75,65,4,25,NA,NA,NA
1992,pender,2,5.75,65,4,28,11,44,NA
1991,pender,2.5,5.75,65,4,28,13,35,NA
1990,pender,2,5.75,65,4,30,NA,NA,NA
1989,pender,2,5.75,65,4,28,NA,NA,NA
1988,pender,2,5.75,65,4,28,NA,NA,NA
1987,pender,2,5.75,65,4,28,NA,NA,NA
1986,pender,1.7,5.75,65,4,26,NA,NA,NA
1985,pender,2.5,5.75,65,4,27,NA,NA,NA
1984,pender,2,5.75,65,4,26,NA,NA,NA
2020,perquimans,NA,4.4,60,4,40.5,NA,NA,NA
2019,perquimans,NA,4.4,60,4,46,NA,NA,NA
2018,perquimans,NA,4.4,60,4,37.3,NA,NA,NA
2017,perquimans,NA,4.4,60,4,44.9,NA,NA,NA
2016,perquimans,NA,4.4,60,4,38.4,NA,NA,NA
2015,perquimans,NA,4.4,60,4,40.1,NA,NA,NA
2014,perquimans,NA,4.4,60,4,44.3,NA,NA,NA
2013,perquimans,NA,4.4,60,4,41.6,NA,NA,NA
2012,perquimans,NA,4.4,60,4,41.9,NA,NA,NA
2011,perquimans,NA,4.4,60,4,32.5,NA,NA,NA
2010,perquimans,NA,4.4,60,4,37.4,NA,NA,NA
2009,perquimans,NA,4.4,60,4,43.5,NA,NA,NA
2008,perquimans,NA,4.4,60,4,35,NA,NA,NA
2007,perquimans,NA,4.4,60,4,32,NA,NA,NA
2006,perquimans,2,4.4,60,4,33,NA,NA,NA
2005,perquimans,NA,4.4,60,4,36,NA,NA,NA
2004,perquimans,2,4.4,60,4,41,NA,NA,NA
2003,perquimans,2.67,4.4,60,4,35,NA,NA,NA
2002,perquimans,2,4.4,60,4,33,NA,NA,NA
2001,perquimans,1.5,4.4,60,4,39,NA,NA,NA
2000,perquimans,2,4.4,60,4,38,NA,NA,NA
1999,perquimans,1.75,4.4,60,4,25,NA,NA,NA
1998,perquimans,1.5,4.4,60,4,35,NA,NA,NA
1997,perquimans,1.25,4.4,60,4,33,NA,NA,NA
1996,perquimans,2.25,4.4,60,4,33,NA,NA,NA
1995,perquimans,2,4.4,60,4,35,NA,NA,NA
1994,perquimans,2,4.4,60,4,39,NA,NA,NA
1993,perquimans,NA,4.4,60,4,34,NA,NA,NA
1992,perquimans,2,4.4,60,4,36,NA,NA,NA
1991,perquimans,2,4.4,60,4,37,NA,NA,NA
1990,perquimans,2,4.4,60,4,36,NA,NA,NA
1989,perquimans,2,4.4,60,4,31,NA,NA,NA
1988,perquimans,1.5,4.4,60,4,32,NA,NA,NA
1987,perquimans,1.3,4.4,60,4,32,NA,NA,NA
1986,perquimans,1.3,4.4,60,4,30,NA,NA,NA
1985,perquimans,1.3,4.4,60,4,29,NA,NA,NA
1984,perquimans,1.2,4.4,60,4,33,NA,NA,NA
2020,person,NA,4.3,59,4.9,28.9,NA,NA,NA
2019,person,NA,4.3,59,4.9,19.5,NA,NA,NA
2018,person,NA,4.3,59,4.9,32.1,NA,NA,NA
2017,person,NA,4.3,59,4.9,31.1,NA,NA,NA
2016,person,NA,4.3,59,4.9,28.5,NA,NA,NA
2015,person,NA,4.3,59,4.9,30.8,NA,NA,NA
2014,person,NA,4.3,59,4.9,34.4,NA,NA,NA
2013,person,NA,4.3,59,4.9,28.5,NA,NA,NA
2012,person,NA,4.3,59,4.9,32.8,NA,NA,NA
2011,person,NA,4.3,59,4.9,28.9,NA,NA,NA
2010,person,NA,4.3,59,4.9,19.1,NA,NA,NA
2009,person,NA,4.3,59,4.9,24,NA,NA,NA
2008,person,1.85,4.3,59,4.9,26.5,NA,NA,NA
2007,person,1.37,4.3,59,4.9,8,NA,NA,NA
2006,person,1.71,4.3,59,4.9,23,NA,NA,NA
2005,person,1.62,4.3,59,4.9,17,NA,NA,NA
2004,person,2,4.3,59,4.9,35,16,43,NA
2003,person,2.03,4.3,59,4.9,30,18,29,NA
2002,person,1.5,4.3,59,4.9,18,8,42,NA
2001,person,2.02,4.3,59,4.9,26,22,44,NA
2000,person,2.8,4.3,59,4.9,33,11,43,NA
1999,person,1.93,4.3,59,4.9,30,10,44,NA
1998,person,2.31,4.3,59,4.9,22,6,36,NA
1997,person,1.99,4.3,59,4.9,26,13,46,NA
1996,person,1.99,4.3,59,4.9,31,11,36,NA
1995,person,2.3,4.3,59,4.9,27,23,38,NA
1994,person,2.41,4.3,59,4.9,33,18,45,NA
1993,person,1.19,4.3,59,4.9,26,9,38,NA
1992,person,1.81,4.3,59,4.9,26,18,44,NA
1991,person,1.7,4.3,59,4.9,23,15,39,NA
1990,person,2,4.3,59,4.9,20,NA,NA,NA
1989,person,2.4,4.3,59,4.9,28,NA,NA,NA
1988,person,1.7,4.3,59,4.9,18,NA,NA,NA
1987,person,1.5,4.3,59,4.9,20,NA,NA,NA
1986,person,1.4,4.3,59,4.9,23,NA,NA,NA
1985,person,1.7,4.3,59,4.9,27,NA,NA,NA
1984,person,1.6,4.3,59,4.9,27,NA,NA,NA
2020,pitt,NA,3,50,4,30.1,NA,NA,NA
2019,pitt,NA,3,50,4,NA,NA,NA,NA
2018,pitt,NA,3,50,4,31.8,NA,NA,NA
2017,pitt,NA,3,50,4,39.2,NA,NA,NA
2016,pitt,NA,3,50,4,31.2,NA,NA,NA
2015,pitt,NA,3,50,4,30.2,NA,NA,NA
2014,pitt,NA,3,50,4,37.4,NA,NA,NA
2013,pitt,NA,3,50,4,32.6,NA,NA,NA
2012,pitt,NA,3,50,4,35.5,NA,NA,NA
2011,pitt,NA,3,50,4,32.2,NA,NA,NA
2010,pitt,NA,3,50,4,23.1,NA,NA,NA
2009,pitt,NA,3,50,4,32,NA,NA,NA
2008,pitt,1.85,3,50,4,28,NA,NA,NA
2007,pitt,1.61,3,50,4,22,NA,NA,NA
2006,pitt,2.65,3,50,4,29,NA,NA,NA
2005,pitt,3.59,3,50,4,28,NA,NA,NA
2004,pitt,2.54,3,50,4,32,NA,NA,NA
2003,pitt,2.27,3,50,4,27,NA,NA,NA
2002,pitt,2.94,3,50,4,22,NA,NA,NA
2001,pitt,3.03,3,50,4,32,NA,NA,NA
2000,pitt,3.35,3,50,4,30,NA,NA,NA
1999,pitt,1.97,3,50,4,21,NA,NA,NA
1998,pitt,2,3,50,4,27,NA,NA,NA
1997,pitt,2.47,3,50,4,28,NA,NA,NA
1996,pitt,2.39,3,50,4,27,NA,NA,NA
1995,pitt,2.68,3,50,4,17,NA,NA,NA
1994,pitt,3.23,3,50,4,27,NA,NA,NA
1993,pitt,2.46,3,50,4,24,NA,NA,NA
1992,pitt,3.8,3,50,4,26,14,49,NA
1991,pitt,2.59,3,50,4,27,11,41,NA
1990,pitt,2.19,3,50,4,21,NA,NA,NA
1989,pitt,2,3,50,4,27,NA,NA,NA
1988,pitt,1.9,3,50,4,27,NA,NA,NA
1987,pitt,2.7,3,50,4,25,NA,NA,NA
1986,pitt,1.7,3,50,4,24,NA,NA,NA
1985,pitt,1.7,3,50,4,23,NA,NA,NA
1984,pitt,1.7,3,50,4,26,NA,NA,NA
2020,randolph,NA,4.2,57,5.4,38.9,NA,NA,NA
2019,randolph,NA,4.2,57,5.4,35.5,NA,NA,NA
2018,randolph,NA,4.2,57,5.4,35.1,NA,NA,NA
2017,randolph,NA,4.2,57,5.4,37,NA,NA,NA
2016,randolph,NA,4.2,57,5.4,33,NA,NA,NA
2015,randolph,NA,4.2,57,5.4,29.2,NA,NA,NA
2014,randolph,NA,4.2,57,5.4,37.8,NA,NA,NA
2013,randolph,NA,4.2,57,5.4,33.6,NA,NA,NA
2012,randolph,NA,4.2,57,5.4,41.8,NA,NA,NA
2011,randolph,NA,4.2,57,5.4,29.8,NA,NA,NA
2010,randolph,NA,4.2,57,5.4,25.5,NA,NA,NA
2009,randolph,NA,4.2,57,5.4,36,NA,NA,NA
2008,randolph,2,4.2,57,5.4,31,NA,NA,NA
2007,randolph,1.43,4.2,57,5.4,16,6,46,NA
2006,randolph,2.48,4.2,57,5.4,39,18,69,NA
2005,randolph,2.46,4.2,57,5.4,33,14,55,NA
2004,randolph,2.43,4.2,57,5.4,35,17,46,NA
2003,randolph,2.54,4.2,57,5.4,36,14,26,NA
2002,randolph,1.7,4.2,57,5.4,22,8,44,NA
2001,randolph,2.52,4.2,57,5.4,36,18,43,NA
2000,randolph,3.08,4.2,57,5.4,32,14,55,NA
1999,randolph,2.36,4.2,57,5.4,31,10,56,NA
1998,randolph,2.5,4.2,57,5.4,23,7,42,NA
1997,randolph,2.06,4.2,57,5.4,29,12,52,NA
1996,randolph,2.3,4.2,57,5.4,34,13,33,NA
1995,randolph,2.65,4.2,57,5.4,28,19,41,NA
1994,randolph,2.08,4.2,57,5.4,40,19,61,NA
1993,randolph,1.39,4.2,57,5.4,28,7,33,NA
1992,randolph,2.11,4.2,57,5.4,26,17,44,NA
1991,randolph,2.3,4.2,57,5.4,32,15,36,NA
1990,randolph,2.2,4.2,57,5.4,22,NA,NA,NA
1989,randolph,2.4,4.2,57,5.4,31,NA,NA,NA
1988,randolph,1.9,4.2,57,5.4,27,NA,NA,NA
1987,randolph,1.7,4.2,57,5.4,21,NA,NA,NA
1986,randolph,1.1,4.2,57,5.4,23,NA,NA,NA
1985,randolph,1.8,4.2,57,5.4,26,NA,NA,NA
1984,randolph,1.9,4.2,57,5.4,20,NA,NA,NA
2020,richmond,NA,4,55,3.3,27.4,NA,NA,NA
2019,richmond,NA,4,55,3.3,NA,NA,NA,NA
2018,richmond,NA,4,55,3.3,NA,NA,NA,NA
2017,richmond,NA,4,55,3.3,NA,NA,NA,NA
2016,richmond,NA,4,55,3.3,20.5,NA,NA,NA
2015,richmond,NA,4,55,3.3,25.1,NA,NA,NA
2014,richmond,NA,4,55,3.3,46.7,NA,NA,NA
2013,richmond,NA,4,55,3.3,29,NA,NA,NA
2012,richmond,NA,4,55,3.3,40,NA,NA,NA
2011,richmond,NA,4,55,3.3,NA,NA,NA,NA
2010,richmond,NA,4,55,3.3,NA,NA,NA,NA
2009,richmond,NA,4,55,3.3,NA,NA,NA,NA
2008,richmond,1.85,4,55,3.3,NA,NA,NA,NA
2007,richmond,0.96,4,55,3.3,NA,NA,NA,NA
2006,richmond,2.57,4,55,3.3,30,NA,NA,NA
2005,richmond,2.39,4,55,3.3,25,NA,NA,NA
2004,richmond,2.4,4,55,3.3,38,NA,NA,NA
2003,richmond,3.04,4,55,3.3,33,NA,NA,NA
2002,richmond,1.6,4,55,3.3,20,NA,NA,NA
2001,richmond,2.5,4,55,3.3,35,NA,NA,NA
2000,richmond,2.97,4,55,3.3,27,NA,NA,NA
1999,richmond,2.42,4,55,3.3,26,NA,NA,NA
1998,richmond,2.41,4,55,3.3,26,NA,NA,NA
1997,richmond,2.15,4,55,3.3,23,NA,NA,NA
1996,richmond,2.5,4,55,3.3,34,NA,NA,NA
1995,richmond,2.65,4,55,3.3,24,NA,NA,NA
1994,richmond,2.45,4,55,3.3,31,NA,NA,NA
1993,richmond,1.56,4,55,3.3,24,NA,NA,NA
1992,richmond,2.5,4,55,3.3,21,NA,NA,NA
1991,richmond,2.8,4,55,3.3,22,NA,NA,NA
1990,richmond,2.42,4,55,3.3,15,NA,NA,NA
1989,richmond,2.6,4,55,3.3,26,NA,NA,NA
1988,richmond,2.1,4,55,3.3,23,NA,NA,NA
1987,richmond,1.9,4,55,3.3,26,NA,NA,NA
1986,richmond,2,4,55,3.3,17,NA,NA,NA
1985,richmond,2.1,4,55,3.3,18,NA,NA,NA
1984,richmond,2.1,4,55,3.3,14,NA,NA,NA
2020,robeson,NA,5.75,60,4,33.3,NA,NA,NA
2019,robeson,NA,5.75,60,4,NA,NA,NA,NA
2018,robeson,NA,5.75,60,4,25.9,NA,NA,NA
2017,robeson,NA,5.75,60,4,35.6,NA,NA,NA
2016,robeson,NA,5.75,60,4,31.5,NA,NA,NA
2015,robeson,NA,5.75,60,4,26,NA,NA,NA
2014,robeson,NA,5.75,60,4,32,NA,NA,NA
2013,robeson,NA,5.75,60,4,23.5,NA,NA,NA
2012,robeson,NA,5.75,60,4,34.5,NA,NA,NA
2011,robeson,NA,5.75,60,4,25.9,NA,NA,NA
2010,robeson,NA,5.75,60,4,14.3,NA,NA,NA
2009,robeson,NA,5.75,60,4,28,NA,NA,NA
2008,robeson,2.1,5.75,60,4,32.5,NA,NA,NA
2007,robeson,2.19,5.75,60,4,13,NA,NA,NA
2006,robeson,2.75,5.75,60,4,29,NA,NA,NA
2005,robeson,3.19,5.75,60,4,22,NA,NA,NA
2004,robeson,3.27,5.75,60,4,31,NA,NA,NA
2003,robeson,3.13,5.75,60,4,28,NA,NA,NA
2002,robeson,1.84,5.75,60,4,19,NA,NA,NA
2001,robeson,2.53,5.75,60,4,28,NA,NA,NA
2000,robeson,3.08,5.75,60,4,29,NA,NA,NA
1999,robeson,2.66,5.75,60,4,24,NA,NA,NA
1998,robeson,2.5,5.75,60,4,21,6,37,NA
1997,robeson,2.51,5.75,60,4,24,10,49,NA
1996,robeson,2.96,5.75,60,4,28,NA,NA,NA
1995,robeson,3.57,5.75,60,4,20,NA,NA,NA
1994,robeson,3.46,5.75,60,4,29,NA,NA,NA
1993,robeson,1.98,5.75,60,4,18,NA,NA,NA
1992,robeson,3.09,5.75,60,4,23,11,52,NA
1991,robeson,2.9,5.75,60,4,28,22,36,NA
1990,robeson,2.52,5.75,60,4,14,NA,NA,NA
1989,robeson,2.7,5.75,60,4,28,NA,NA,NA
1988,robeson,2.6,5.75,60,4,26,NA,NA,NA
1987,robeson,2.6,5.75,60,4,24,NA,NA,NA
1986,robeson,2.4,5.75,60,4,23,NA,NA,NA
1985,robeson,2.4,5.75,60,4,23,NA,NA,NA
1984,robeson,2.3,5.75,60,4,26,NA,NA,NA
2020,rockingham,NA,3.9,48,4,31.4,NA,NA,NA
2019,rockingham,NA,3.9,48,4,NA,NA,NA,NA
2018,rockingham,NA,3.9,48,4,32.1,NA,NA,NA
2017,rockingham,NA,3.9,48,4,42.7,NA,NA,NA
2016,rockingham,NA,3.9,48,4,30,NA,NA,NA
2015,rockingham,NA,3.9,48,4,28.7,NA,NA,NA
2014,rockingham,NA,3.9,48,4,33.2,NA,NA,NA
2013,rockingham,NA,3.9,48,4,35,NA,NA,NA
2012,rockingham,NA,3.9,48,4,37.2,NA,NA,NA
2011,rockingham,NA,3.9,48,4,17.3,NA,NA,NA
2010,rockingham,NA,3.9,48,4,27.8,NA,NA,NA
2009,rockingham,NA,3.9,48,4,18.5,NA,NA,NA
2008,rockingham,1.7,3.9,48,4,28,NA,NA,NA
2007,rockingham,1.31,3.9,48,4,18,10,42,NA
2006,rockingham,2.2,3.9,48,4,38,12,50,NA
2005,rockingham,2.23,3.9,48,4,28,11,45,NA
2004,rockingham,2.17,3.9,48,4,37,20,47,NA
2003,rockingham,2.58,3.9,48,4,32,15,33,NA
2002,rockingham,1.4,3.9,48,4,26,13,36,NA
2001,rockingham,2.22,3.9,48,4,29,19,37,NA
2000,rockingham,2.21,3.9,48,4,31,17,39,NA
1999,rockingham,1.76,3.9,48,4,29,12,38,NA
1998,rockingham,1.6,3.9,48,4,20,8,30,NA
1997,rockingham,1.7,3.9,48,4,28,11,47,NA
1996,rockingham,1.97,3.9,48,4,32,10,36,NA
1995,rockingham,2.32,3.9,48,4,21,12,37,NA
1994,rockingham,1.92,3.9,48,4,34,19,43,NA
1993,rockingham,1.38,3.9,48,4,26,17,43,NA
1992,rockingham,2.1,3.9,48,4,26,13,45,NA
1991,rockingham,1.8,3.9,48,4,21,15,38,NA
1990,rockingham,1.7,3.9,48,4,17,NA,NA,NA
1989,rockingham,2,3.9,48,4,23,NA,NA,NA
1988,rockingham,1.6,3.9,48,4,18,NA,NA,NA
1987,rockingham,1.2,3.9,48,4,16,NA,NA,NA
1986,rockingham,0.8,3.9,48,4,20,NA,NA,NA
1985,rockingham,1.8,3.9,48,4,20,NA,NA,NA
1984,rockingham,1.8,3.9,48,4,21,NA,NA,NA
2020,rowan,NA,4.2,57,4,46.4,NA,NA,NA
2019,rowan,NA,4.2,57,4.8,32,NA,NA,NA
2018,rowan,NA,4.2,57,4.8,47,NA,NA,NA
2017,rowan,NA,4.2,57,4.8,39.3,NA,NA,NA
2016,rowan,NA,4.2,57,4.8,34,NA,NA,NA
2015,rowan,NA,4.2,57,4.8,19.7,NA,NA,NA
2014,rowan,NA,4.2,57,4.8,41.1,NA,NA,NA
2013,rowan,NA,4.2,57,4.8,40.5,NA,NA,NA
2012,rowan,NA,4.2,57,4.8,38.9,NA,NA,NA
2011,rowan,NA,4.2,57,4.8,33.9,NA,NA,NA
2010,rowan,NA,4.2,57,4.8,36,NA,NA,NA
2009,rowan,NA,4.2,57,4.8,37,NA,NA,NA
2008,rowan,2.2,4.2,57,4.8,37,NA,NA,NA
2007,rowan,1.46,4.2,57,4.8,12,13,45,NA
2006,rowan,2.45,4.2,57,4.8,42,18,69,NA
2005,rowan,2.28,4.2,57,4.8,33,19,64,NA
2004,rowan,2.2,4.2,57,4.8,39,19,57,NA
2003,rowan,2.38,4.2,57,4.8,38,16,42,NA
2002,rowan,1.65,4.2,57,4.8,25,10,49,NA
2001,rowan,1.91,4.2,57,4.8,34,20,49,NA
2000,rowan,2.25,4.2,57,4.8,34,11,53,NA
1999,rowan,1.76,4.2,57,4.8,38,10,55,NA
1998,rowan,2.04,4.2,57,4.8,28,7,35,NA
1997,rowan,2,4.2,57,4.8,26,14,55,NA
1996,rowan,2.03,4.2,57,4.8,34,12,39,NA
1995,rowan,2.3,4.2,57,4.8,36,15,45,NA
1994,rowan,2.25,4.2,57,4.8,42,17,65,NA
1993,rowan,1.49,4.2,57,4.8,24,7,41,NA
1992,rowan,2.3,4.2,57,4.8,25,13,40,NA
1991,rowan,2.19,4.2,57,4.8,33,14,39,NA
1990,rowan,2,4.2,57,4.8,18,NA,NA,NA
1989,rowan,2.2,4.2,57,4.8,31,NA,NA,NA
1988,rowan,1.9,4.2,57,4.8,25,NA,NA,NA
1987,rowan,1.8,4.2,57,4.8,22,NA,NA,NA
1986,rowan,0.8,4.2,57,4.8,21,NA,NA,NA
1985,rowan,2.2,4.2,57,4.8,21,NA,NA,NA
1984,rowan,2.2,4.2,57,4.8,22,NA,NA,NA
2020,sampson,NA,5.25,60,4,32.8,NA,NA,NA
2019,sampson,NA,5.25,60,4,38,NA,NA,NA
2018,sampson,NA,5.25,60,4,28,NA,NA,NA
2017,sampson,NA,5.25,60,4,43.2,NA,NA,NA
2016,sampson,NA,5.25,60,4,39,NA,NA,NA
2015,sampson,NA,5.25,60,4,35.4,NA,NA,NA
2014,sampson,NA,5.25,60,4,44.7,NA,NA,NA
2013,sampson,NA,5.25,60,4,31.7,NA,NA,NA
2012,sampson,NA,5.25,60,4,38.3,NA,NA,NA
2011,sampson,NA,5.25,60,4,32,NA,NA,NA
2010,sampson,NA,5.25,60,4,22.8,NA,NA,NA
2009,sampson,NA,5.25,60,4,35,NA,NA,NA
2008,sampson,2.5,5.25,60,4,35.5,NA,NA,NA
2007,sampson,2.18,5.25,60,4,16,NA,NA,NA
2006,sampson,3.47,5.25,60,4,31,NA,NA,NA
2005,sampson,3.08,5.25,60,4,27,NA,NA,NA
2004,sampson,3.22,5.25,60,4,32,NA,NA,NA
2003,sampson,3.31,5.25,60,4,27,NA,NA,NA
2002,sampson,2.76,5.25,60,4,19,NA,NA,NA
2001,sampson,3.13,5.25,60,4,32,21,26,NA
2000,sampson,3.3,5.25,60,4,33,15,50,NA
1999,sampson,2.55,5.25,60,4,20,8,51,NA
1998,sampson,2.3,5.25,60,4,22,7,42,NA
1997,sampson,2.98,5.25,60,4,28,11,49,NA
1996,sampson,2.27,5.25,60,4,28,15,45,NA
1995,sampson,2.57,5.25,60,4,15,7,32,NA
1994,sampson,3.53,5.25,60,4,32,17,49,NA
1993,sampson,2.15,5.25,60,4,21,8,47,NA
1992,sampson,3.31,5.25,60,4,26,12,51,NA
1991,sampson,2.92,5.25,60,4,27,13,43,NA
1990,sampson,2.21,5.25,60,4,20,NA,NA,NA
1989,sampson,2.4,5.25,60,4,24,NA,NA,NA
1988,sampson,2.4,5.25,60,4,25,NA,NA,NA
1987,sampson,3,5.25,60,4,23,NA,NA,NA
1986,sampson,1.8,5.25,60,4,21,NA,NA,NA
1985,sampson,2.3,5.25,60,4,18,NA,NA,NA
1984,sampson,2.4,5.25,60,4,27,NA,NA,NA
2020,scotland,NA,4.4,55,4,29.9,NA,NA,NA
2019,scotland,NA,4.4,55,4,24.5,NA,NA,NA
2018,scotland,NA,4.4,55,4,NA,NA,NA,NA
2017,scotland,NA,4.4,55,4,30.8,NA,NA,NA
2016,scotland,NA,4.4,55,4,29.3,NA,NA,NA
2015,scotland,NA,4.4,55,4,21.8,NA,NA,NA
2014,scotland,NA,4.4,55,4,NA,NA,NA,NA
2013,scotland,NA,4.4,55,4,26,NA,NA,NA
2012,scotland,NA,4.4,55,4,34.3,NA,NA,NA
2011,scotland,NA,4.4,55,4,29.4,NA,NA,NA
2010,scotland,NA,4.4,55,4,16.8,NA,NA,NA
2009,scotland,NA,4.4,55,4,31.5,NA,NA,NA
2008,scotland,NA,4.4,55,4,35,NA,NA,NA
2007,scotland,NA,4.4,55,4,10,NA,NA,NA
2006,scotland,2.38,4.4,55,4,30,NA,NA,NA
2005,scotland,3.09,4.4,55,4,28,NA,NA,NA
2004,scotland,3.18,4.4,55,4,31,NA,NA,NA
2003,scotland,3.23,4.4,55,4,35,NA,NA,NA
2002,scotland,1.67,4.4,55,4,18,NA,NA,NA
2001,scotland,2.52,4.4,55,4,23,NA,NA,NA
2000,scotland,2.76,4.4,55,4,29,NA,NA,NA
1999,scotland,1.9,4.4,55,4,27,NA,NA,NA
1998,scotland,2.33,4.4,55,4,24,NA,NA,NA
1997,scotland,2.67,4.4,55,4,30,NA,NA,NA
1996,scotland,2.29,4.4,55,4,26,NA,NA,NA
1995,scotland,2.45,4.4,55,4,25,NA,NA,NA
1994,scotland,1.96,4.4,55,4,28,NA,NA,NA
1993,scotland,2.28,4.4,55,4,20,NA,NA,NA
1992,scotland,3.59,4.4,55,4,26,NA,NA,NA
1991,scotland,2.89,4.4,55,4,26,NA,NA,NA
1990,scotland,2.17,4.4,55,4,15,NA,NA,NA
1989,scotland,2.5,4.4,55,4,24,NA,NA,NA
1988,scotland,2.2,4.4,55,4,26,NA,NA,NA
1987,scotland,2.3,4.4,55,4,27,NA,NA,NA
1986,scotland,2,4.4,55,4,18,NA,NA,NA
1985,scotland,2.1,4.4,55,4,18,NA,NA,NA
1984,scotland,2,4.4,55,4,26,NA,NA,NA
2020,stanly,NA,3.8,52,4.3,38,NA,NA,NA
2019,stanly,NA,3.8,52,4.3,NA,NA,NA,NA
2018,stanly,NA,3.8,52,4.3,NA,NA,NA,NA
2017,stanly,NA,3.8,52,4.3,35.1,NA,NA,NA
2016,stanly,NA,3.8,52,4.3,38,NA,NA,NA
2015,stanly,NA,3.8,52,4.3,28.1,NA,NA,NA
2014,stanly,NA,3.8,52,4.3,41.1,NA,NA,NA
2013,stanly,NA,3.8,52,4.3,31.5,NA,NA,NA
2012,stanly,NA,3.8,52,4.3,42,NA,NA,NA
2011,stanly,NA,3.8,52,4.3,35.2,NA,NA,NA
2010,stanly,NA,3.8,52,4.3,31.5,NA,NA,NA
2009,stanly,NA,3.8,52,4.3,36,NA,NA,NA
2008,stanly,2.05,3.8,52,4.3,36.5,NA,NA,NA
2007,stanly,1.63,3.8,52,4.3,13,NA,NA,NA
2006,stanly,2.1,3.8,52,4.3,37,16,60,NA
2005,stanly,2.05,3.8,52,4.3,32,20,63,NA
2004,stanly,2,3.8,52,4.3,37,13,53,NA
2003,stanly,2.1,3.8,52,4.3,35,11,26,NA
2002,stanly,1.75,3.8,52,4.3,20,8,45,NA
2001,stanly,1.8,3.8,52,4.3,33,15,46,NA
2000,stanly,2.64,3.8,52,4.3,35,13,55,NA
1999,stanly,2.43,3.8,52,4.3,35,8,55,NA
1998,stanly,2.85,3.8,52,4.3,29,7,47,NA
1997,stanly,2.2,3.8,52,4.3,27,14,53,NA
1996,stanly,2.26,3.8,52,4.3,31,12,47,NA
1995,stanly,2.6,3.8,52,4.3,24,34,41,NA
1994,stanly,2.47,3.8,52,4.3,34,18,50,NA
1993,stanly,1.38,3.8,52,4.3,24,6,34,NA
1992,stanly,2.1,3.8,52,4.3,22,12,42,NA
1991,stanly,2.11,3.8,52,4.3,32,16,30,NA
1990,stanly,2.3,3.8,52,4.3,19,NA,NA,NA
1989,stanly,2.3,3.8,52,4.3,27,NA,NA,NA
1988,stanly,1.7,3.8,52,4.3,28,NA,NA,NA
1987,stanly,1.7,3.8,52,4.3,26,NA,NA,NA
1986,stanly,1.4,3.8,52,4.3,23,NA,NA,NA
1985,stanly,1.9,3.8,52,4.3,27,NA,NA,NA
1984,stanly,1.9,3.8,52,4.3,24,NA,NA,NA
2020,stokes,NA,4.2,57,4.8,27.8,NA,NA,NA
2019,stokes,NA,4.2,57,4.8,NA,NA,NA,NA
2018,stokes,NA,4.2,57,4.8,32,NA,NA,NA
2017,stokes,NA,4.2,57,4.8,34,NA,NA,NA
2016,stokes,NA,4.2,57,4.8,29.3,NA,NA,NA
2015,stokes,NA,4.2,57,4.8,32.6,NA,NA,NA
2014,stokes,NA,4.2,57,4.8,31.5,NA,NA,NA
2013,stokes,NA,4.2,57,4.8,29,NA,NA,NA
2012,stokes,NA,4.2,57,4.8,NA,NA,NA,NA
2011,stokes,NA,4.2,57,4.8,NA,NA,NA,NA
2010,stokes,NA,4.2,57,4.8,26.7,NA,NA,NA
2009,stokes,NA,4.2,57,4.8,21.5,NA,NA,NA
2008,stokes,1.65,4.2,57,4.8,NA,NA,NA,NA
2007,stokes,1.28,4.2,57,4.8,15,18,43,NA
2006,stokes,2,4.2,57,4.8,37,NA,NA,NA
2005,stokes,2.13,4.2,57,4.8,26,NA,NA,NA
2004,stokes,2.11,4.2,57,4.8,36,15,42,NA
2003,stokes,2.27,4.2,57,4.8,32,NA,NA,NA
2002,stokes,1.5,4.2,57,4.8,22,NA,NA,NA
2001,stokes,2.02,4.2,57,4.8,30,17,37,NA
2000,stokes,2,4.2,57,4.8,34,10,41,NA
1999,stokes,1.94,4.2,57,4.8,33,10,43,NA
1998,stokes,1.71,4.2,57,4.8,22,6,33,NA
1997,stokes,1.62,4.2,57,4.8,24,15,48,NA
1996,stokes,1.75,4.2,57,4.8,30,13,33,NA
1995,stokes,1.98,4.2,57,4.8,27,12,42,NA
1994,stokes,1.98,4.2,57,4.8,25,16,42,NA
1993,stokes,1.2,4.2,57,4.8,19,9,41,NA
1992,stokes,1.89,4.2,57,4.8,25,14,40,NA
1991,stokes,1.9,4.2,57,4.8,19,16,42,NA
1990,stokes,2.1,4.2,57,4.8,22,NA,NA,NA
1989,stokes,2.4,4.2,57,4.8,22,NA,NA,NA
1988,stokes,1.5,4.2,57,4.8,22,NA,NA,NA
1987,stokes,1.2,4.2,57,4.8,14,NA,NA,NA
1986,stokes,1.3,4.2,57,4.8,19,NA,NA,NA
1985,stokes,1.7,4.2,57,4.8,24,NA,NA,NA
1984,stokes,1.6,4.2,57,4.8,17,NA,NA,NA
2020,surry,NA,4.2,57,4.8,46.7,NA,NA,NA
2017,surry,NA,4.2,57,4.8,42.1,NA,NA,NA
2016,surry,NA,4.2,57,4.8,40,NA,NA,NA
2014,surry,NA,4.2,57,4.8,42.8,NA,NA,NA
2013,surry,NA,4.2,57,4.8,38.5,NA,NA,NA
2012,surry,NA,4.2,57,4.8,44.9,NA,NA,NA
2011,surry,NA,4.2,57,4.8,40,NA,NA,NA
2010,surry,NA,4.2,57,4.8,34.2,NA,NA,NA
2009,surry,NA,4.2,57,4.8,34,NA,NA,NA
2008,surry,2.25,4.2,57,4.8,35.5,NA,NA,NA
2007,surry,1.48,4.2,57,4.8,32,17,55,NA
2006,surry,2.7,4.2,57,4.8,38,18,60,NA
2005,surry,2.65,4.2,57,4.8,32,21,63,NA
2004,surry,2.32,4.2,57,4.8,37,22,51,NA
2003,surry,2.61,4.2,57,4.8,33,15,39,NA
2002,surry,1.72,4.2,57,4.8,27,15,43,NA
2001,surry,2.83,4.2,57,4.8,33,24,31,NA
2000,surry,2.56,4.2,57,4.8,27,17,42,NA
1999,surry,2.56,4.2,57,4.8,35,13,51,NA
1998,surry,2.8,4.2,57,4.8,25,11,44,NA
1997,surry,2.05,4.2,57,4.8,24,17,54,NA
1996,surry,2.17,4.2,57,4.8,32,14,34,NA
1995,surry,2.42,4.2,57,4.8,23,17,40,NA
1994,surry,2.23,4.2,57,4.8,32,19,48,NA
1993,surry,1.68,4.2,57,4.8,28,16,43,NA
1992,surry,2.59,4.2,57,4.8,25,18,43,NA
1991,surry,2.31,4.2,57,4.8,29,19,34,NA
1990,surry,2.39,4.2,57,4.8,25,NA,NA,NA
1989,surry,2.4,4.2,57,4.8,23,NA,NA,NA
1988,surry,1.9,4.2,57,4.8,20,NA,NA,NA
1987,surry,1.4,4.2,57,4.8,19,NA,NA,NA
1986,surry,1.7,4.2,57,4.8,21,NA,NA,NA
1985,surry,1.6,4.2,57,4.8,26,NA,NA,NA
1984,surry,1.7,4.2,57,4.8,20,NA,NA,NA
2020,tyrrell,NA,5.75,55,4.5,43.1,NA,NA,NA
2019,tyrrell,NA,5.75,55,4.5,46,NA,NA,NA
2018,tyrrell,NA,5.75,55,4.5,40.6,NA,NA,NA
2017,tyrrell,NA,5.75,55,4.5,47.1,NA,NA,NA
2016,tyrrell,NA,5.75,55,4.5,33.2,NA,NA,NA
2014,tyrrell,NA,5.75,55,4.5,42.4,NA,NA,NA
2013,tyrrell,NA,5.75,55,4.5,39.8,NA,NA,NA
2012,tyrrell,NA,5.75,55,4.5,44,NA,NA,NA
2011,tyrrell,NA,5.75,55,4.5,32.1,NA,NA,NA
2010,tyrrell,NA,5.75,55,4.5,44.5,NA,NA,NA
2009,tyrrell,NA,5.75,55,4.5,42,NA,NA,NA
2008,tyrrell,NA,5.75,55,4.5,37.5,NA,NA,NA
2007,tyrrell,NA,5.75,55,4.5,44,NA,NA,NA
2006,tyrrell,NA,5.75,55,4.5,38,NA,NA,NA
2005,tyrrell,NA,5.75,55,4.5,36,NA,NA,NA
2004,tyrrell,NA,5.75,55,4.5,42,NA,NA,NA
2003,tyrrell,2,5.75,55,4.5,29,NA,NA,NA
2002,tyrrell,2,5.75,55,4.5,34,NA,NA,NA
2001,tyrrell,1.5,5.75,55,4.5,40,NA,NA,NA
2000,tyrrell,2,5.75,55,4.5,38,NA,NA,NA
1999,tyrrell,2,5.75,55,4.5,18,NA,NA,NA
1998,tyrrell,NA,5.75,55,4.5,31,NA,NA,NA
1997,tyrrell,NA,5.75,55,4.5,37,NA,NA,NA
1996,tyrrell,NA,5.75,55,4.5,32,NA,NA,NA
1995,tyrrell,2,5.75,55,4.5,33,NA,NA,NA
1994,tyrrell,2,5.75,55,4.5,33,NA,NA,NA
1993,tyrrell,2,5.75,55,4.5,32,NA,NA,NA
1992,tyrrell,2,5.75,55,4.5,29,NA,NA,NA
1991,tyrrell,2,5.75,55,4.5,33,NA,NA,NA
1990,tyrrell,NA,5.75,55,4.5,34,NA,NA,NA
1989,tyrrell,NA,5.75,55,4.5,30,NA,NA,NA
1988,tyrrell,NA,5.75,55,4.5,32,NA,NA,NA
1987,tyrrell,NA,5.75,55,4.5,31,NA,NA,NA
1986,tyrrell,NA,5.75,55,4.5,29,NA,NA,NA
1985,tyrrell,NA,5.75,55,4.5,28,NA,NA,NA
1984,tyrrell,NA,5.75,55,4.5,30,NA,NA,NA
2020,union,NA,2.95,48,3.8,45,NA,NA,NA
2019,union,NA,2.95,48,3.8,35,NA,NA,NA
2018,union,NA,2.95,48,3.8,30.5,NA,NA,NA
2017,union,NA,2.95,48,3.8,44.2,NA,NA,NA
2016,union,NA,2.95,48,3.8,43.3,NA,NA,NA
2015,union,NA,2.95,48,3.8,31.5,NA,NA,NA
2014,union,NA,2.95,48,3.8,44.1,NA,NA,NA
2013,union,NA,2.95,48,3.8,28,NA,NA,NA
2012,union,NA,2.95,48,3.8,49.9,NA,NA,NA
2011,union,NA,2.95,48,3.8,43.1,NA,NA,NA
2010,union,NA,2.95,48,3.8,26.4,NA,NA,NA
2009,union,NA,2.95,48,3.8,29,NA,NA,NA
2008,union,2.6,2.95,48,3.8,39.5,NA,NA,NA
2007,union,NA,2.95,48,3.8,13,NA,NA,NA
2006,union,2.45,2.95,48,3.8,37,NA,NA,NA
2005,union,2.6,2.95,48,3.8,29,NA,NA,NA
2004,union,3.08,2.95,48,3.8,40,13,55,NA
2003,union,2.93,2.95,48,3.8,36,13,30,NA
2002,union,2,2.95,48,3.8,22,8,44,NA
2001,union,1.91,2.95,48,3.8,28,16,50,NA
2000,union,2.44,2.95,48,3.8,34,15,58,NA
1999,union,2.31,2.95,48,3.8,24,11,55,NA
1998,union,2.5,2.95,48,3.8,30,10,36,NA
1997,union,2.53,2.95,48,3.8,27,8,57,NA
1996,union,2.14,2.95,48,3.8,34,12,40,NA
1995,union,2.39,2.95,48,3.8,33,27,48,NA
1994,union,2.77,2.95,48,3.8,36,18,54,NA
1993,union,1.48,2.95,48,3.8,19,6,35,NA
1992,union,2.2,2.95,48,3.8,25,10,47,NA
1991,union,2.51,2.95,48,3.8,32,11,29,NA
1990,union,2.31,2.95,48,3.8,21,NA,NA,NA
1989,union,2.2,2.95,48,3.8,28,NA,NA,NA
1988,union,1.7,2.95,48,3.8,28,NA,NA,NA
1987,union,1.9,2.95,48,3.8,25,NA,NA,NA
1986,union,1.5,2.95,48,3.8,21,NA,NA,NA
1985,union,1.8,2.95,48,3.8,26,NA,NA,NA
1984,union,1.8,2.95,48,3.8,23,NA,NA,NA
2020,wake,NA,4.3,59,4.9,30.1,NA,NA,NA
2019,wake,NA,4.3,59,4.9,27,NA,NA,11.715
2018,wake,NA,4.3,59,4.9,25,NA,NA,11.752
2017,wake,NA,4.3,59,4.9,25.4,NA,NA,11.021
2016,wake,NA,4.3,59,4.9,25,NA,NA,12.201
2015,wake,NA,4.3,59,4.9,18.3,NA,NA,12.493
2014,wake,NA,4.3,59,4.9,27.8,NA,NA,11.472
2013,wake,NA,4.3,59,4.9,22,NA,NA,11.679
2012,wake,NA,4.3,59,4.9,33.4,NA,NA,11.893
2011,wake,NA,4.3,59,4.9,29,NA,NA,12.018
2010,wake,NA,4.3,59,4.9,15.5,NA,NA,10.299
2009,wake,NA,4.3,59,4.9,25,NA,NA,10.886
2008,wake,1.65,4.3,59,4.9,25,NA,NA,12.915
2007,wake,1.37,4.3,59,4.9,10,NA,NA,11.671
2006,wake,2.07,4.3,59,4.9,23,15,48,14.65
2005,wake,1.74,4.3,59,4.9,14,NA,NA,12.812
2004,wake,2.11,4.3,59,4.9,29,NA,NA,13.929
2003,wake,2.05,4.3,59,4.9,27,NA,NA,15.326
2002,wake,1.7,4.3,59,4.9,16,NA,NA,14.832
2001,wake,1.92,4.3,59,4.9,25,NA,NA,13.977
2000,wake,2.4,4.3,59,4.9,26,16,40,15.489
1999,wake,2.14,4.3,59,4.9,20,NA,NA,NA
1998,wake,2.08,4.3,59,4.9,18,NA,NA,NA
1997,wake,1.72,4.3,59,4.9,21,16,50,NA
1996,wake,2.15,4.3,59,4.9,31,12,38,NA
1995,wake,2.47,4.3,59,4.9,17,15,33,NA
1994,wake,2.16,4.3,59,4.9,28,17,39,NA
1993,wake,1.27,4.3,59,4.9,19,7,38,NA
1992,wake,2,4.3,59,4.9,22,NA,NA,NA
1991,wake,2,4.3,59,4.9,26,11,37,NA
1990,wake,2.55,4.3,59,4.9,17,NA,NA,NA
1989,wake,2.1,4.3,59,4.9,25,NA,NA,NA
1988,wake,1.8,4.3,59,4.9,24,NA,NA,NA
1987,wake,1.7,4.3,59,4.9,18,NA,NA,NA
1986,wake,1.6,4.3,59,4.9,21,NA,NA,NA
1985,wake,2,4.3,59,4.9,19,NA,NA,NA
1984,wake,2.1,4.3,59,4.9,22,NA,NA,NA
2020,warren,NA,4.3,59,4.9,35.4,NA,NA,NA
2019,warren,NA,4.3,59,4.9,19.5,NA,NA,NA
2018,warren,NA,4.3,59,4.9,36.2,NA,NA,NA
2017,warren,NA,4.3,59,4.9,28.5,NA,NA,NA
2016,warren,NA,4.3,59,4.9,25,NA,NA,NA
2015,warren,NA,4.3,59,4.9,28.8,NA,NA,NA
2014,warren,NA,4.3,59,4.9,39.6,NA,NA,NA
2013,warren,NA,4.3,59,4.9,23,NA,NA,NA
2012,warren,NA,4.3,59,4.9,33.8,NA,NA,NA
2011,warren,NA,4.3,59,4.9,27,NA,NA,NA
2010,warren,NA,4.3,59,4.9,12.2,NA,NA,NA
2009,warren,NA,4.3,59,4.9,30,NA,NA,NA
2008,warren,1.7,4.3,59,4.9,32.5,NA,NA,NA
2007,warren,0.88,4.3,59,4.9,10,NA,NA,NA
2006,warren,1.66,4.3,59,4.9,21,14,53,NA
2005,warren,1.59,4.3,59,4.9,17,NA,NA,NA
2004,warren,1.96,4.3,59,4.9,33,18,51,NA
2003,warren,1.95,4.3,59,4.9,29,19,31,NA
2002,warren,1.83,4.3,59,4.9,20,9,44,NA
2001,warren,1.91,4.3,59,4.9,34,18,43,NA
2000,warren,2.2,4.3,59,4.9,33,15,43,NA
1999,warren,1.88,4.3,59,4.9,27,11,46,NA
1998,warren,2.13,4.3,59,4.9,23,10,44,NA
1997,warren,2.05,4.3,59,4.9,25,13,46,NA
1996,warren,1.39,4.3,59,4.9,29,11,42,NA
1995,warren,1.49,4.3,59,4.9,20,20,36,NA
1994,warren,1.67,4.3,59,4.9,26,19,38,NA
1993,warren,1.5,4.3,59,4.9,18,9,37,NA
1992,warren,2.31,4.3,59,4.9,26,19,44,NA
1991,warren,1.69,4.3,59,4.9,24,19,40,NA
1990,warren,2.06,4.3,59,4.9,21,NA,NA,NA
1989,warren,1.9,4.3,59,4.9,22,NA,NA,NA
1988,warren,1.7,4.3,59,4.9,26,NA,NA,NA
1987,warren,1.3,4.3,59,4.9,18,NA,NA,NA
1986,warren,1.5,4.3,59,4.9,19,NA,NA,NA
1985,warren,1.6,4.3,59,4.9,19,NA,NA,NA
1984,warren,1.5,4.3,59,4.9,23,NA,NA,NA
2020,washington,NA,4.75,55,4.5,38.5,NA,NA,NA
2018,washington,NA,4.75,55,4.5,41.9,NA,NA,NA
2017,washington,NA,4.75,55,4.5,45.9,NA,NA,NA
2016,washington,NA,4.75,55,4.5,40,NA,NA,NA
2015,washington,NA,4.75,55,4.5,42.5,NA,NA,NA
2014,washington,NA,4.75,55,4.5,43.7,NA,NA,NA
2012,washington,NA,4.75,55,4.5,46.7,NA,NA,NA
2011,washington,NA,4.75,55,4.5,26.9,NA,NA,NA
2010,washington,NA,4.75,55,4.5,38.4,NA,NA,NA
2009,washington,NA,4.75,55,4.5,39.5,NA,NA,NA
2008,washington,NA,4.75,55,4.5,35,NA,NA,NA
2007,washington,NA,4.75,55,4.5,35,NA,NA,NA
2006,washington,2.56,4.75,55,4.5,37,NA,NA,NA
2005,washington,2.5,4.75,55,4.5,36,NA,NA,NA
2004,washington,2.13,4.75,55,4.5,36,NA,NA,NA
2003,washington,2.36,4.75,55,4.5,31,NA,NA,NA
2002,washington,2.31,4.75,55,4.5,34,NA,NA,NA
2001,washington,1.62,4.75,55,4.5,35,NA,NA,NA
2000,washington,2.24,4.75,55,4.5,35,NA,NA,NA
1999,washington,2.08,4.75,55,4.5,22,NA,NA,NA
1998,washington,2,4.75,55,4.5,30,9,42,NA
1997,washington,2.1,4.75,55,4.5,36,NA,NA,NA
1996,washington,1.3,4.75,55,4.5,33,NA,NA,NA
1995,washington,2,4.75,55,4.5,30,NA,NA,NA
1994,washington,2,4.75,55,4.5,35,NA,NA,NA
1993,washington,NA,4.75,55,4.5,29,NA,NA,NA
1992,washington,2,4.75,55,4.5,31,20,54,NA
1991,washington,2,4.75,55,4.5,34,11,46,NA
1990,washington,2.4,4.75,55,4.5,28,NA,NA,NA
1989,washington,2,4.75,55,4.5,29,NA,NA,NA
1988,washington,1.5,4.75,55,4.5,32,NA,NA,NA
1987,washington,1.6,4.75,55,4.5,29,NA,NA,NA
1986,washington,1.7,4.75,55,4.5,30,NA,NA,NA
1985,washington,1.3,4.75,55,4.5,24,NA,NA,NA
1984,washington,1.4,4.75,55,4.5,29,NA,NA,NA
2020,wayne,NA,4.75,60,4.5,31.7,NA,NA,NA
2019,wayne,NA,4.75,60,4.5,33,NA,NA,NA
2018,wayne,NA,4.75,60,4.5,30.5,NA,NA,NA
2017,wayne,NA,4.75,60,4.5,39.4,NA,NA,NA
2016,wayne,NA,4.75,60,4.5,33,NA,NA,NA
2015,wayne,NA,4.75,60,4.5,34.4,NA,NA,NA
2014,wayne,NA,4.75,60,4.5,41,NA,NA,NA
2013,wayne,NA,4.75,60,4.5,31.6,NA,NA,NA
2012,wayne,NA,4.75,60,4.5,39,NA,NA,NA
2011,wayne,NA,4.75,60,4.5,31.4,NA,NA,NA
2010,wayne,NA,4.75,60,4.5,18.1,NA,NA,NA
2009,wayne,NA,4.75,60,4.5,35,NA,NA,NA
2008,wayne,2.7,4.75,60,4.5,32,NA,NA,NA
2007,wayne,2.56,4.75,60,4.5,20,NA,NA,NA
2006,wayne,3.65,4.75,60,4.5,31,NA,NA,NA
2005,wayne,3.62,4.75,60,4.5,26,NA,NA,NA
2004,wayne,3.31,4.75,60,4.5,34,NA,NA,NA
2003,wayne,3.23,4.75,60,4.5,31,NA,NA,NA
2002,wayne,2.3,4.75,60,4.5,23,NA,NA,NA
2001,wayne,3.44,4.75,60,4.5,35,NA,NA,NA
2000,wayne,3.57,4.75,60,4.5,36,NA,NA,NA
1999,wayne,2.33,4.75,60,4.5,27,14,45,NA
1998,wayne,2,4.75,60,4.5,28,NA,NA,NA
1997,wayne,2.52,4.75,60,4.5,30,11,48,NA
1996,wayne,2.75,4.75,60,4.5,27,10,43,NA
1995,wayne,3.04,4.75,60,4.5,20,17,43,NA
1994,wayne,3.18,4.75,60,4.5,31,17,46,NA
1993,wayne,2.4,4.75,60,4.5,22,13,43,NA
1992,wayne,3.9,4.75,60,4.5,29,20,49,NA
1991,wayne,2.8,4.75,60,4.5,28,11,44,NA
1990,wayne,2.59,4.75,60,4.5,22,NA,NA,NA
1989,wayne,2.4,4.75,60,4.5,26,NA,NA,NA
1988,wayne,2.4,4.75,60,4.5,26,NA,NA,NA
1987,wayne,2.1,4.75,60,4.5,23,NA,NA,NA
1986,wayne,1.7,4.75,60,4.5,24,NA,NA,NA
1985,wayne,1.9,4.75,60,4.5,21,NA,NA,NA
1984,wayne,1.9,4.75,60,4.5,26,NA,NA,NA
2020,wilson,NA,3,55,3.5,34.6,NA,NA,NA
2019,wilson,NA,3,55,3.5,35,NA,NA,NA
2018,wilson,NA,3,55,3.5,36.5,NA,NA,NA
2017,wilson,NA,3,55,3.5,44.2,NA,NA,NA
2016,wilson,NA,3,55,3.5,35.2,NA,NA,NA
2015,wilson,NA,3,55,3.5,28,NA,NA,NA
2014,wilson,NA,3,55,3.5,41.6,NA,NA,NA
2013,wilson,NA,3,55,3.5,29.2,NA,NA,NA
2012,wilson,NA,3,55,3.5,38.9,NA,NA,NA
2011,wilson,NA,3,55,3.5,34,NA,NA,NA
2010,wilson,NA,3,55,3.5,20.7,NA,NA,NA
2009,wilson,NA,3,55,3.5,31,NA,NA,NA
2008,wilson,1.9,3,55,3.5,31,NA,NA,NA
2007,wilson,1.54,3,55,3.5,20,NA,NA,NA
2006,wilson,2.82,3,55,3.5,30,NA,NA,NA
2005,wilson,2.78,3,55,3.5,28,NA,NA,NA
2004,wilson,3.2,3,55,3.5,33,NA,NA,NA
2003,wilson,3.13,3,55,3.5,33,NA,NA,NA
2002,wilson,1.73,3,55,3.5,21,NA,NA,NA
2001,wilson,2.53,3,55,3.5,33,NA,NA,NA
2000,wilson,3.35,3,55,3.5,36,NA,NA,NA
1999,wilson,2.12,3,55,3.5,26,NA,NA,NA
1998,wilson,2.12,3,55,3.5,28,NA,NA,NA
1997,wilson,1.94,3,55,3.5,31,NA,NA,NA
1996,wilson,2.29,3,55,3.5,28,NA,NA,NA
1995,wilson,2.13,3,55,3.5,21,NA,NA,NA
1994,wilson,3.42,3,55,3.5,31,NA,NA,NA
1993,wilson,2,3,55,3.5,24,NA,NA,NA
1992,wilson,2,3,55,3.5,30,NA,NA,NA
1991,wilson,2.5,3,55,3.5,30,NA,NA,NA
1990,wilson,2,3,55,3.5,26,NA,NA,NA
1989,wilson,2.5,3,55,3.5,28,NA,NA,NA
1988,wilson,2,3,55,3.5,27,NA,NA,NA
1987,wilson,1.6,3,55,3.5,22,NA,NA,NA
1986,wilson,1.5,3,55,3.5,26,NA,NA,NA
1985,wilson,2,3,55,3.5,22,NA,NA,NA
1984,wilson,2,3,55,3.5,28,NA,NA,NA